code,l1_name
000001,银行
000002,房地产
000004,计算机
000006,房地产
000007,商贸零售
000008,机械设备
000009,电力设备
000010,建筑装饰
000011,房地产
000012,建筑材料
000014,房地产
000016,家用电器
000017,纺织服饰
000019,农林牧渔
000020,电子
000021,电子
000025,综合
000026,纺织服饰
000027,公用事业
000028,医药生物
000029,房地产
000030,汽车
000031,房地产
000032,建筑装饰
000034,计算机
000035,环保
000036,房地产
000037,公用事业
000039,机械设备
000042,房地产
000045,电子
000048,农林牧渔
000049,电力设备
000050,电子
000055,建筑材料
000056,房地产
000058,商贸零售
000059,石油石化
000060,有色金属
000061,商贸零售
000062,电子
000063,通信
000065,建筑装饰
000066,计算机
000068,环保
000069,房地产
000070,通信
000078,医药生物
000088,交通运输
000089,交通运输
000090,房地产
000096,石油石化
000099,交通运输
000100,电子
000151,商贸零售
000153,医药生物
000155,公用事业
000156,传媒
000157,机械设备
000158,计算机
000159,电力设备
000166,非银金融
000301,石油石化
000333,家用电器
000338,汽车
000400,电力设备
000401,建筑材料
000402,房地产
000403,医药生物
000404,家用电器
000407,公用事业
000408,有色金属
000409,计算机
000410,机械设备
000411,医药生物
000415,非银金融
000417,商贸零售
000419,商贸零售
000420,基础化工
000421,综合
000422,基础化工
000423,医药生物
000425,机械设备
000426,有色金属
000428,社会服务
000429,交通运输
000430,社会服务
000488,轻工制造
000498,建筑装饰
000501,商贸零售
000503,计算机
000504,医药生物
000505,农林牧渔
000506,有色金属
000507,公用事业
000509,电子
000510,基础化工
000513,医药生物
000514,房地产
000516,医药生物
000517,房地产
000518,医药生物
000519,国防军工
000520,交通运输
000521,家用电器
000523,综合
000524,社会服务
000525,基础化工
000526,社会服务
000528,机械设备
000529,食品饮料
000530,机械设备
000531,公用事业
000532,非银金融
000533,电力设备
000534,医药生物
000536,电子
000537,公用事业
000538,医药生物
000539,公用事业
000541,家用电器
000543,公用事业
000544,环保
000545,基础化工
000546,环保
000547,国防军工
000548,交通运输
000550,汽车
000551,环保
000552,煤炭
000553,基础化工
000554,石油石化
000555,计算机
000557,交通运输
000558,社会服务
000559,汽车
000560,房地产
000561,国防军工
000563,非银金融
000564,商贸零售
000565,基础化工
000566,医药生物
000567,非银金融
000568,食品饮料
000570,汽车
000571,煤炭
000572,汽车
000573,房地产
000576,国防军工
000581,汽车
000582,交通运输
000586,通信
000589,汽车
000590,医药生物
000591,公用事业
000592,农林牧渔
000593,公用事业
000595,机械设备
000596,食品饮料
000597,医药生物
000598,环保
000599,汽车
000600,公用事业
000601,公用事业
000603,有色金属
000605,环保
000607,传媒
000608,房地产
000609,房地产
000610,社会服务
000612,有色金属
000615,美容护理
000617,非银金融
000619,建筑材料
000620,房地产
000623,医药生物
000625,汽车
000626,交通运输
000628,建筑装饰
000629,钢铁
000630,有色金属
000631,房地产
000632,综合
000633,有色金属
000635,基础化工
000636,电子
000637,石油石化
000639,食品饮料
000650,医药生物
000651,家用电器
000652,综合
000655,钢铁
000656,房地产
000657,有色金属
000659,轻工制造
000661,医药生物
000663,农林牧渔
000665,传媒
000668,房地产
000669,公用事业
000670,电子
000672,建筑材料
000676,传媒
000677,基础化工
000678,汽车
000679,商贸零售
000680,机械设备
000681,传媒
000682,电力设备
000683,基础化工
000685,环保
000686,非银金融
000688,有色金属
000690,公用事业
000691,基础化工
000692,公用事业
000695,电力设备
000697,国防军工
000698,石油石化
000700,汽车
000701,汽车
000702,农林牧渔
000703,石油石化
000705,医药生物
000707,基础化工
000708,钢铁
000709,钢铁
000710,医药生物
000711,环保
000712,非银金融
000713,农林牧渔
000715,商贸零售
000716,食品饮料
000717,钢铁
000718,房地产
000719,传媒
000720,电力设备
000721,社会服务
000722,公用事业
000723,煤炭
000725,电子
000726,纺织服饰
000727,电子
000728,非银金融
000729,食品饮料
000731,基础化工
000733,国防军工
000735,农林牧渔
000736,房地产
000737,有色金属
000738,国防军工
000739,医药生物
000750,非银金融
000751,有色金属
000752,食品饮料
000753,综合
000755,交通运输
000756,医药生物
000757,汽车
000758,有色金属
000759,商贸零售
000761,钢铁
000762,有色金属
000766,医药生物
000767,公用事业
000768,国防军工
000776,非银金融
000777,机械设备
000778,钢铁
000779,建筑装饰
000782,基础化工
000783,非银金融
000785,商贸零售
000786,建筑材料
000788,医药生物
000789,建筑材料
000790,医药生物
000791,公用事业
000792,基础化工
000793,传媒
000795,有色金属
000796,社会服务
000797,房地产
000798,农林牧渔
000799,食品饮料
000800,汽车
000801,家用电器
000802,传媒
000803,环保
000807,有色金属
000809,房地产
000810,家用电器
000811,机械设备
000812,轻工制造
000813,医药生物
000815,计算机
000816,汽车
000818,基础化工
000819,石油石化
000820,环保
000821,电力设备
000822,基础化工
000823,电子
000825,钢铁
000826,环保
000828,交通运输
000829,商贸零售
000830,基础化工
000831,有色金属
000833,综合
000837,机械设备
000838,房地产
000839,通信
000848,食品饮料
000850,纺织服饰
000852,机械设备
000856,机械设备
000858,食品饮料
000859,基础化工
000860,食品饮料
000862,公用事业
000863,房地产
000868,汽车
000869,食品饮料
000875,公用事业
000876,农林牧渔
000877,建筑材料
000878,有色金属
000880,汽车
000881,基础化工
000882,商贸零售
000883,公用事业
000885,环保
000886,交通运输
000887,汽车
000888,社会服务
000889,通信
000890,环保
000892,传媒
000893,基础化工
000895,食品饮料
000897,房地产
000898,钢铁
000899,公用事业
000900,交通运输
000901,汽车
000902,基础化工
000903,汽车
000905,交通运输
000906,交通运输
000908,医药生物
000909,房地产
000910,轻工制造
000911,农林牧渔
000912,基础化工
000913,汽车
000915,医药生物
000917,传媒
000919,医药生物
000920,基础化工
000921,家用电器
000922,电力设备
000923,钢铁
000925,机械设备
000926,房地产
000927,机械设备
000928,建筑装饰
000929,食品饮料
000930,农林牧渔
000931,医药生物
000932,钢铁
000933,有色金属
000935,非银金融
000936,基础化工
000937,煤炭
000938,计算机
000948,计算机
000949,基础化工
000950,医药生物
000951,汽车
000952,医药生物
000953,医药生物
000955,纺织服饰
000957,汽车
000958,非银金融
000959,钢铁
000960,有色金属
000962,有色金属
000963,医药生物
000965,房地产
000966,公用事业
000967,环保
000968,石油石化
000969,有色金属
000970,有色金属
000972,农林牧渔
000973,基础化工
000975,有色金属
000977,计算机
000978,社会服务
000980,汽车
000981,汽车
000983,煤炭
000985,石油石化
000987,非银金融
000988,机械设备
000989,医药生物
000990,基础化工
000991,电子
000993,公用事业
000995,食品饮料
000997,计算机
000998,农林牧渔
000999,医药生物
001201,农林牧渔
001202,交通运输
001203,钢铁
001205,交通运输
001206,美容护理
001207,基础化工
001208,电力设备
001209,纺织服饰
001210,公用事业
001211,轻工制造
001212,建筑材料
001213,交通运输
001215,食品饮料
001216,轻工制造
001217,基础化工
001218,基础化工
001219,食品饮料
001220,交通运输
001221,轻工制造
001222,轻工制造
001223,机械设备
001225,机械设备
001226,机械设备
001227,银行
001228,交通运输
001229,计算机
001230,环保
001231,基础化工
001233,汽车
001234,纺织服饰
001235,电力设备
001236,非银金融
001237,机械设备
001238,轻工制造
001239,机械设备
001255,基础化工
001256,机械设备
001257,有色金属
001258,公用事业
001259,家用电器
001260,汽车
001266,机械设备
001267,建筑装饰
001268,家用电器
001269,电力设备
001270,国防军工
001277,机械设备
001278,汽车
001279,轻工制造
001280,有色金属
001282,汽车
001283,电力设备
001285,汽车
001286,公用事业
001287,电子
001288,机械设备
001289,公用事业
001296,基础化工
001298,电子
001299,公用事业
001300,轻工制造
001301,电力设备
001306,机械设备
001308,电子
001309,电子
001311,汽车
001312,纺织服饰
001313,农林牧渔
001314,电子
001316,石油石化
001317,交通运输
001318,食品饮料
001319,汽车
001322,轻工制造
001323,轻工制造
001324,机械设备
001325,基础化工
001326,家用电器
001328,美容护理
001330,传媒
001331,公用事业
001332,机械设备
001333,基础化工
001335,基础化工
001336,环保
001337,有色金属
001338,农林牧渔
001339,计算机
001356,轻工制造
001358,基础化工
001359,基础化工
001360,机械设备
001365,汽车
001366,农林牧渔
001367,医药生物
001368,轻工制造
001369,基础化工
001373,电子
001376,公用事业
001378,基础化工
001379,机械设备
001380,汽车
001382,电力设备
001386,轻工制造
001387,家用电器
001388,电力设备
001389,电子
001390,纺织服饰
001391,交通运输
001393,电力设备
001395,机械设备
001396,建筑装饰
001400,机械设备
001696,机械设备
001872,交通运输
001896,公用事业
001914,房地产
001965,交通运输
001979,房地产
002001,基础化工
002003,纺织服饰
002004,医药生物
002005,家用电器
002006,机械设备
002007,医药生物
002008,机械设备
002009,机械设备
002010,交通运输
002011,家用电器
002012,轻工制造
002014,轻工制造
002015,公用事业
002016,房地产
002017,通信
002019,医药生物
002020,医药生物
002021,机械设备
002022,医药生物
002023,国防军工
002024,商贸零售
002025,国防军工
002026,机械设备
002027,传媒
002028,电力设备
002029,纺织服饰
002030,医药生物
002031,机械设备
002032,家用电器
002033,社会服务
002034,环保
002035,家用电器
002036,电子
002037,基础化工
002038,医药生物
002039,公用事业
002040,交通运输
002041,农林牧渔
002042,纺织服饰
002043,建筑材料
002044,医药生物
002045,电子
002046,机械设备
002047,建筑装饰
002048,汽车
002049,电子
002050,家用电器
002051,建筑装饰
002052,家用电器
002053,公用事业
002054,基础化工
002055,电子
002056,电力设备
002057,社会服务
002058,机械设备
002059,社会服务
002060,公用事业
002061,建筑装饰
002062,建筑装饰
002063,计算机
002064,基础化工
002065,计算机
002066,建筑材料
002067,轻工制造
002068,基础化工
002069,农林牧渔
002072,商贸零售
002073,机械设备
002074,电力设备
002075,钢铁
002076,家用电器
002077,电子
002078,轻工制造
002079,电力设备
002080,建筑材料
002081,建筑装饰
002082,医药生物
002083,纺织服饰
002084,轻工制造
002085,汽车
002086,医药生物
002088,建筑材料
002090,电力设备
002091,商贸零售
002092,基础化工
002093,社会服务
002094,美容护理
002095,传媒
002096,基础化工
002097,机械设备
002098,纺织服饰
002099,医药生物
002100,农林牧渔
002101,汽车
002102,医药生物
002103,轻工制造
002104,通信
002105,汽车
002106,电子
002107,医药生物
002108,基础化工
002109,基础化工
002110,钢铁
002111,国防军工
002112,电力设备
002114,有色金属
002115,通信
002116,建筑装饰
002117,轻工制造
002119,电子
002120,交通运输
002121,电力设备
002122,机械设备
002123,通信
002124,农林牧渔
002125,电力设备
002126,汽车
002127,商贸零售
002128,煤炭
002129,电力设备
002130,电子
002131,机械设备
002132,机械设备
002133,房地产
002134,电子
002135,建筑装饰
002136,基础化工
002137,电子
002138,电子
002139,电子
002140,建筑装饰
002141,农林牧渔
002142,银行
002144,纺织服饰
002145,基础化工
002146,房地产
002148,通信
002149,有色金属
002150,机械设备
002151,国防军工
002152,计算机
002153,计算机
002154,纺织服饰
002155,有色金属
002156,电子
002157,农林牧渔
002158,机械设备
002159,社会服务
002160,有色金属
002161,电子
002162,轻工制造
002163,建筑装饰
002164,机械设备
002165,基础化工
002166,基础化工
002167,有色金属
002168,电力设备
002169,电力设备
002170,基础化工
002171,有色金属
002172,医药生物
002173,医药生物
002174,传媒
002175,机械设备
002176,电力设备
002177,计算机
002178,计算机
002179,国防军工
002180,计算机
002181,传媒
002182,有色金属
002183,商贸零售
002184,机械设备
002185,电子
002186,社会服务
002187,商贸零售
002188,房地产
002189,国防军工
002190,汽车
002191,轻工制造
002192,有色金属
002193,纺织服饰
002194,通信
002195,计算机
002196,电力设备
002197,计算机
002198,医药生物
002199,电子
002200,建筑装饰
002201,建筑材料
002202,电力设备
002203,有色金属
002204,机械设备
002205,建筑材料
002206,基础化工
002207,石油石化
002208,房地产
002209,机械设备
002210,环保
002211,基础化工
002212,计算机
002213,电子
002214,国防军工
002215,农林牧渔
002216,食品饮料
002217,电子
002218,公用事业
002219,医药生物
002221,石油石化
002222,电子
002223,医药生物
002224,基础化工
002225,建筑材料
002226,基础化工
002227,电力设备
002228,轻工制造
002229,轻工制造
002230,计算机
002232,计算机
002233,建筑材料
002234,农林牧渔
002235,轻工制造
002236,计算机
002237,有色金属
002238,传媒
002239,汽车
002240,有色金属
002241,电子
002242,家用电器
002243,社会服务
002244,房地产
002245,电力设备
002246,基础化工
002247,建筑材料
002248,机械设备
002249,电力设备
002250,基础化工
002251,商贸零售
002252,医药生物
002253,计算机
002254,基础化工
002255,电力设备
002256,公用事业
002257,电子
002258,基础化工
002259,公用事业
002261,计算机
002262,医药生物
002263,基础化工
002264,传媒
002265,汽车
002266,环保
002267,公用事业
002268,计算机
002269,纺织服饰
002270,电力设备
002271,建筑材料
002272,机械设备
002273,电子
002274,基础化工
002275,医药生物
002276,电力设备
002277,商贸零售
002278,机械设备
002279,计算机
002281,通信
002282,机械设备
002283,汽车
002284,汽车
002285,房地产
002286,农林牧渔
002287,医药生物
002289,电子
002290,家用电器
002291,传媒
002292,传媒
002293,纺织服饰
002294,医药生物
002295,有色金属
002296,通信
002297,国防军工
002298,计算机
002299,农林牧渔
002300,电力设备
002301,轻工制造
002302,建筑材料
002303,轻工制造
002304,食品饮料
002305,房地产
002306,社会服务
002307,建筑装饰
002309,电力设备
002310,建筑装饰
002311,农林牧渔
002312,基础化工
002313,通信
002314,房地产
002315,商贸零售
002316,非银金融
002317,医药生物
002318,钢铁
002319,基础化工
002320,交通运输
002321,农林牧渔
002322,计算机
002323,建筑装饰
002324,基础化工
002326,基础化工
002327,纺织服饰
002328,汽车
002329,食品饮料
002330,食品饮料
002331,计算机
002332,医药生物
002333,建筑材料
002334,机械设备
002335,电力设备
002337,机械设备
002338,国防军工
002339,电力设备
002340,电力设备
002342,机械设备
002343,传媒
002344,商贸零售
002345,纺织服饰
002346,电力设备
002347,机械设备
002348,轻工制造
002349,医药生物
002350,电力设备
002351,电子
002352,交通运输
002353,机械设备
002354,传媒
002355,汽车
002356,商贸零售
002357,交通运输
002358,电力设备
002360,基础化工
002361,基础化工
002362,计算机
002363,汽车
002364,电力设备
002365,医药生物
002366,电力设备
002367,机械设备
002368,计算机
002369,电子
002370,医药生物
002371,电子
002372,建筑材料
002373,计算机
002374,轻工制造
002375,建筑装饰
002376,计算机
002377,石油石化
002378,有色金属
002379,有色金属
002380,计算机
002381,基础化工
002382,医药生物
002383,国防军工
002384,电子
002385,农林牧渔
002386,基础化工
002387,电子
002388,电子
002389,国防军工
002390,医药生物
002391,基础化工
002392,建筑材料
002393,医药生物
002394,纺织服饰
002395,基础化工
002396,通信
002397,纺织服饰
002398,建筑材料
002399,医药生物
002400,传媒
002401,计算机
002402,电子
002403,家用电器
002404,纺织服饰
002405,计算机
002406,汽车
002407,基础化工
002408,石油石化
002409,电子
002410,计算机
002412,医药生物
002413,国防军工
002414,国防军工
002415,计算机
002416,商贸零售
002418,家用电器
002419,商贸零售
002420,家用电器
002421,计算机
002422,医药生物
002423,非银金融
002424,医药生物
002425,传媒
002426,电子
002427,基础化工
002428,有色金属
002429,家用电器
002430,基础化工
002431,建筑装饰
002432,医药生物
002434,汽车
002436,电子
002437,医药生物
002438,机械设备
002439,计算机
002440,基础化工
002441,电力设备
002442,基础化工
002443,钢铁
002444,机械设备
002445,机械设备
002446,国防军工
002448,汽车
002449,电子
002451,电力设备
002452,电力设备
002453,基础化工
002454,汽车
002455,基础化工
002456,电子
002457,建筑材料
002458,农林牧渔
002459,电力设备
002460,有色金属
002461,食品饮料
002462,医药生物
002463,电子
002465,国防军工
002466,有色金属
002467,通信
002468,交通运输
002469,建筑装饰
002470,基础化工
002471,电力设备
002472,汽车
002474,计算机
002475,电子
002476,石油石化
002478,钢铁
002479,公用事业
002480,公用事业
002481,农林牧渔
002482,建筑装饰
002483,机械设备
002484,电子
002485,交通运输
002486,纺织服饰
002487,电力设备
002488,汽车
002489,轻工制造
002490,机械设备
002491,通信
002492,交通运输
002493,石油石化
002494,纺织服饰
002495,食品饮料
002496,基础化工
002497,基础化工
002498,电力设备
002500,非银金融
002501,有色金属
002506,电力设备
002507,食品饮料
002508,家用电器
002510,汽车
002511,美容护理
002512,计算机
002513,基础化工
002514,机械设备
002515,食品饮料
002516,汽车
002517,传媒
002518,电力设备
002519,国防军工
002520,机械设备
002521,轻工制造
002522,基础化工
002523,机械设备
002524,医药生物
002525,食品饮料
002526,机械设备
002527,机械设备
002528,计算机
002529,机械设备
002530,机械设备
002531,电力设备
002532,有色金属
002533,电力设备
002534,电力设备
002535,机械设备
002536,汽车
002537,汽车
002538,基础化工
002539,基础化工
002540,有色金属
002541,建筑装饰
002542,建筑装饰
002543,家用电器
002544,通信
002545,基础化工
002546,电力设备
002547,汽车
002548,农林牧渔
002549,基础化工
002550,医药生物
002551,医药生物
002552,机械设备
002553,汽车
002554,石油石化
002555,传媒
002556,农林牧渔
002557,食品饮料
002558,传媒
002559,机械设备
002560,电力设备
002561,商贸零售
002562,基础化工
002563,纺织服饰
002564,建筑装饰
002565,轻工制造
002566,医药生物
002567,农林牧渔
002568,食品饮料
002569,纺织服饰
002570,食品饮料
002571,轻工制造
002572,轻工制造
002573,环保
002574,纺织服饰
002575,轻工制造
002576,电力设备
002577,计算机
002578,有色金属
002579,电子
002580,电力设备
002581,医药生物
002582,食品饮料
002583,通信
002584,电子
002585,基础化工
002586,建筑装饰
002587,电子
002588,基础化工
002589,医药生物
002590,汽车
002591,基础化工
002592,汽车
002593,建筑装饰
002594,汽车
002595,机械设备
002596,建筑材料
002597,基础化工
002598,机械设备
002599,轻工制造
002600,电子
002601,基础化工
002602,传媒
002603,医药生物
002605,传媒
002606,电力设备
002607,社会服务
002608,公用事业
002609,计算机
002611,机械设备
002612,纺织服饰
002613,建筑材料
002614,家用电器
002615,轻工制造
002616,公用事业
002617,公用事业
002620,建筑装饰
002622,医药生物
002623,电力设备
002624,传媒
002625,国防军工
002626,食品饮料
002627,社会服务
002628,建筑装饰
002629,石油石化
002630,电力设备
002631,轻工制造
002632,基础化工
002633,机械设备
002634,纺织服饰
002635,电子
002636,电子
002637,基础化工
002638,家用电器
002639,机械设备
002640,商贸零售
002641,建筑材料
002642,计算机
002643,电子
002644,医药生物
002645,环保
002646,食品饮料
002647,非银金融
002648,基础化工
002649,计算机
002650,食品饮料
002651,国防军工
002652,建筑材料
002653,医药生物
002654,电子
002655,电子
002656,纺织服饰
002657,计算机
002658,环保
002659,社会服务
002660,电子
002661,食品饮料
002662,汽车
002663,建筑装饰
002664,汽车
002666,基础化工
002667,机械设备
002668,家用电器
002669,基础化工
002670,非银金融
002671,建筑材料
002672,环保
002673,非银金融
002674,纺织服饰
002675,医药生物
002676,家用电器
002677,家用电器
002678,轻工制造
002679,农林牧渔
002681,电子
002682,交通运输
002683,基础化工
002685,机械设备
002686,机械设备
002687,纺织服饰
002688,农林牧渔
002689,机械设备
002690,机械设备
002691,机械设备
002692,电力设备
002693,医药生物
002694,建筑材料
002695,食品饮料
002696,农林牧渔
002697,商贸零售
002698,机械设备
002700,公用事业
002701,轻工制造
002702,食品饮料
002703,汽车
002705,家用电器
002706,电力设备
002707,社会服务
002708,汽车
002709,电力设备
002712,传媒
002713,建筑装饰
002714,农林牧渔
002715,汽车
002716,有色金属
002717,建筑装饰
002718,建筑材料
002719,食品饮料
002720,纺织服饰
002721,纺织服饰
002722,机械设备
002723,家用电器
002724,家用电器
002725,汽车
002726,食品饮料
002727,医药生物
002728,医药生物
002729,电子
002730,机械设备
002731,纺织服饰
002732,食品饮料
002733,电力设备
002734,基础化工
002735,轻工制造
002736,非银金融
002737,医药生物
002738,有色金属
002739,传媒
002741,电子
002742,医药生物
002743,建筑装饰
002745,电子
002746,农林牧渔
002747,机械设备
002748,基础化工
002749,基础化工
002752,轻工制造
002753,基础化工
002755,医药生物
002756,有色金属
002757,机械设备
002758,基础化工
002759,电力设备
002760,机械设备
002761,建筑装饰
002762,纺织服饰
002763,纺织服饰
002765,汽车
002766,汽车
002767,机械设备
002768,基础化工
002769,交通运输
002771,计算机
002772,农林牧渔
002773,医药生物
002774,机械设备
002775,建筑装饰
002777,计算机
002778,环保
002779,机械设备
002780,纺织服饰
002782,电子
002783,基础化工
002785,建筑材料
002786,机械设备
002787,轻工制造
002788,医药生物
002789,建筑装饰
002790,轻工制造
002791,建筑材料
002792,通信
002793,医药生物
002795,机械设备
002796,通信
002797,非银金融
002798,轻工制造
002799,轻工制造
002800,交通运输
002801,电力设备
002802,基础化工
002803,商贸零售
002805,电力设备
002806,汽车
002807,银行
002808,电子
002809,基础化工
002810,基础化工
002811,建筑装饰
002812,电力设备
002813,汽车
002815,电子
002816,机械设备
002817,医药生物
002818,商贸零售
002819,机械设备
002820,食品饮料
002821,医药生物
002822,建筑装饰
002823,电力设备
002824,有色金属
002825,基础化工
002826,医药生物
002827,基础化工
002828,石油石化
002829,国防军工
002830,建筑装饰
002831,轻工制造
002832,纺织服饰
002833,机械设备
002835,计算机
002836,轻工制造
002837,机械设备
002838,基础化工
002839,银行
002840,食品饮料
002841,电子
002842,有色金属
002843,机械设备
002845,电子
002846,轻工制造
002847,食品饮料
002848,家用电器
002849,机械设备
002850,电力设备
002851,电力设备
002852,农林牧渔
002853,轻工制造
002855,电子
002856,建筑装饰
002857,电力设备
002858,社会服务
002859,电子
002860,家用电器
002861,电子
002862,轻工制造
002863,汽车
002864,医药生物
002865,电力设备
002866,电子
002867,纺织服饰
002868,农林牧渔
002869,计算机
002870,汽车
002871,机械设备
002872,医药生物
002873,医药生物
002875,纺织服饰
002876,电子
002877,机械设备
002878,传媒
002879,电力设备
002880,医药生物
002881,通信
002882,电力设备
002883,建筑装饰
002884,机械设备
002885,电子
002886,基础化工
002887,环保
002888,电子
002889,交通运输
002890,机械设备
002891,农林牧渔
002892,电力设备
002893,公用事业
002895,基础化工
002896,机械设备
002897,通信
002898,医药生物
002899,轻工制造
002900,医药生物
002901,医药生物
002902,通信
002903,机械设备
002905,传媒
002906,汽车
002907,医药生物
002908,计算机
002909,基础化工
002910,食品饮料
002911,公用事业
002912,计算机
002913,电子
002915,基础化工
002916,电子
002917,基础化工
002918,轻工制造
002919,传媒
002920,计算机
002921,汽车
002922,电子
002923,医药生物
002925,电子
002926,非银金融
002927,电力设备
002928,交通运输
002929,通信
002930,交通运输
002931,机械设备
002932,医药生物
002933,国防军工
002935,国防军工
002936,银行
002937,汽车
002938,电子
002939,非银金融
002940,医药生物
002941,建筑装饰
002942,基础化工
002943,机械设备
002945,非银金融
002946,食品饮料
002947,电子
002948,银行
002949,建筑装饰
002950,医药生物
002951,电力设备
002952,电子
002953,电力设备
002955,电子
002956,食品饮料
002957,机械设备
002958,银行
002959,家用电器
002960,机械设备
002961,非银金融
002962,电子
002963,建筑装饰
002965,汽车
002966,银行
002967,社会服务
002968,房地产
002969,轻工制造
002970,计算机
002971,基础化工
002972,机械设备
002973,环保
002975,机械设备
002976,汽车
002977,国防军工
002978,有色金属
002979,机械设备
002980,电力设备
002981,电子
002982,农林牧渔
002983,电子
002984,汽车
002985,国防军工
002986,石油石化
002987,计算机
002988,有色金属
002989,建筑装饰
002990,计算机
002991,食品饮料
002992,电子
002993,电子
002995,传媒
002996,有色金属
002997,汽车
002998,基础化工
002999,基础化工
003000,食品饮料
003001,建筑装饰
003002,基础化工
003003,轻工制造
003004,计算机
003005,计算机
003006,美容护理
003007,计算机
003008,社会服务
003009,国防军工
003010,商贸零售
003011,轻工制造
003012,轻工制造
003013,建筑装饰
003015,电子
003016,纺织服饰
003017,基础化工
003018,轻工制造
003019,电子
003020,医药生物
003021,电力设备
003022,电力设备
003023,家用电器
003025,机械设备
003026,电子
003027,环保
003028,家用电器
003029,计算机
003030,农林牧渔
003031,通信
003032,社会服务
003033,汽车
003035,公用事业
003036,机械设备
003037,建筑材料
003038,有色金属
003039,环保
003040,通信
003041,纺织服饰
003042,基础化工
003043,电子
003816,公用事业
300001,电力设备
300002,传媒
300003,医药生物
300004,机械设备
300005,纺织服饰
300006,医药生物
300007,机械设备
300008,国防军工
300009,医药生物
300010,社会服务
300011,机械设备
300012,社会服务
300013,交通运输
300014,电力设备
300015,医药生物
300016,医药生物
300017,计算机
300018,电力设备
300019,基础化工
300020,计算机
300021,农林牧渔
300022,商贸零售
300024,机械设备
300025,通信
300026,医药生物
300027,传媒
300029,建筑装饰
300030,医药生物
300031,传媒
300032,电子
300033,计算机
300034,国防军工
300035,电力设备
300036,计算机
300037,电力设备
300039,医药生物
300040,公用事业
300041,基础化工
300042,计算机
300043,传媒
300044,计算机
300045,国防军工
300046,电子
300047,计算机
300048,机械设备
300049,医药生物
300050,通信
300051,电力设备
300052,传媒
300053,电子
300054,电子
300055,石油石化
300056,环保
300057,有色金属
300058,传媒
300059,非银金融
300060,电子
300061,传媒
300062,电力设备
300063,传媒
300065,国防军工
300066,机械设备
300067,基础化工
300068,电力设备
300069,电力设备
300070,环保
300071,传媒
300072,基础化工
300073,电力设备
300074,计算机
300075,计算机
300076,电子
300077,电子
300078,计算机
300079,计算机
300080,电力设备
300081,通信
300082,基础化工
300083,机械设备
300084,机械设备
300085,计算机
300086,医药生物
300087,农林牧渔
300088,电子
300091,机械设备
300092,机械设备
300093,电力设备
300094,农林牧渔
300095,机械设备
300096,计算机
300097,机械设备
300098,通信
300099,机械设备
300100,汽车
300101,国防军工
300102,电子
300103,机械设备
300105,环保
300106,食品饮料
300107,基础化工
300109,基础化工
300110,医药生物
300111,医药生物
300112,机械设备
300113,传媒
300115,电子
300118,电力设备
300119,农林牧渔
300120,电子
300121,基础化工
300122,医药生物
300123,国防军工
300124,机械设备
300125,公用事业
300126,机械设备
300127,有色金属
300128,电力设备
300129,电力设备
300130,计算机
300131,电子
300132,美容护理
300133,传媒
300134,通信
300135,石油石化
300136,电子
300137,环保
300138,农林牧渔
300139,有色金属
300140,环保
300141,电力设备
300142,医药生物
300143,医药生物
300144,社会服务
300145,机械设备
300146,食品饮料
300147,医药生物
300148,传媒
300149,医药生物
300150,计算机
300151,机械设备
300152,环保
300153,电力设备
300154,机械设备
300155,计算机
300157,机械设备
300158,医药生物
300159,机械设备
300160,家用电器
300161,机械设备
300162,电子
300163,基础化工
300164,石油石化
300165,机械设备
300166,计算机
300167,计算机
300168,计算机
300169,基础化工
300170,计算机
300171,医药生物
300172,环保
300173,电力设备
300174,基础化工
300175,农林牧渔
300176,汽车
300177,国防军工
300179,机械设备
300180,基础化工
300181,医药生物
300182,传媒
300183,通信
300184,电子
300185,电力设备
300187,环保
300188,计算机
300189,农林牧渔
300190,环保
300191,石油石化
300192,社会服务
300193,机械设备
300194,医药生物
300195,机械设备
300196,建筑材料
300197,建筑装饰
300198,建筑材料
300199,医药生物
300200,基础化工
300201,机械设备
300203,环保
300204,医药生物
300205,通信
300206,医药生物
300207,电力设备
300209,计算机
300210,环保
300211,通信
300212,计算机
300213,通信
300214,基础化工
300215,社会服务
300217,家用电器
300218,基础化工
300219,电子
300220,轻工制造
300221,基础化工
300222,电力设备
300223,电子
300224,有色金属
300225,基础化工
300226,计算机
300227,机械设备
300228,机械设备
300229,计算机
300230,基础化工
300231,计算机
300232,电子
300233,医药生物
300234,建筑材料
300235,计算机
300236,电子
300237,汽车
300238,医药生物
300239,医药生物
300240,交通运输
300241,电子
300242,传媒
300243,基础化工
300244,医药生物
300245,计算机
300246,医药生物
300247,家用电器
300248,计算机
300249,计算机
300250,计算机
300251,传媒
300252,国防军工
300253,计算机
300254,医药生物
300255,医药生物
300256,电子
300257,机械设备
300258,汽车
300259,机械设备
300260,机械设备
300261,基础化工
300263,机械设备
300264,计算机
300265,电力设备
300266,环保
300267,医药生物
300268,农林牧渔
300269,电子
300270,计算机
300271,计算机
300272,家用电器
300274,电力设备
300275,计算机
300276,机械设备
300277,计算机
300278,机械设备
300279,家用电器
300281,机械设备
300283,电力设备
300284,建筑装饰
300285,电子
300286,电力设备
300287,计算机
300288,计算机
300289,医药生物
300290,计算机
300291,传媒
300292,通信
300293,机械设备
300294,医药生物
300295,传媒
300296,电子
300298,医药生物
300299,传媒
300300,计算机
300301,电子
300302,计算机
300303,电子
300304,汽车
300305,基础化工
300306,机械设备
300307,机械设备
300308,通信
300310,通信
300311,计算机
300313,农林牧渔
300314,医药生物
300315,传媒
300316,电力设备
300317,公用事业
300318,医药生物
300319,电子
300320,基础化工
300321,基础化工
300322,电子
300323,电子
300324,计算机
300326,医药生物
300327,电子
300328,有色金属
300329,轻工制造
300331,电子
300332,公用事业
300333,计算机
300334,环保
300335,公用事业
300337,有色金属
300338,社会服务
300339,计算机
300340,电力设备
300341,医药生物
300342,家用电器
300343,基础化工
300345,电力设备
300346,电子
300347,医药生物
300348,计算机
300349,机械设备
300350,交通运输
300351,机械设备
300352,计算机
300353,通信
300354,机械设备
300355,建筑装饰
300357,医药生物
300358,医药生物
300359,社会服务
300360,电力设备
300361,医药生物
300363,医药生物
300364,传媒
300365,计算机
300366,计算机
300368,计算机
300369,计算机
300370,机械设备
300371,机械设备
300373,电子
300374,建筑材料
300375,汽车
300376,电力设备
300377,计算机
300378,计算机
300380,计算机
300381,医药生物
300382,机械设备
300383,通信
300384,建筑装饰
300385,环保
300386,计算机
300387,基础化工
300388,环保
300389,电子
300390,电力设备
300393,电力设备
300394,通信
300395,国防军工
300396,医药生物
300397,国防军工
300398,电子
300399,计算机
300400,机械设备
300401,医药生物
300402,机械设备
300403,家用电器
300404,医药生物
300405,基础化工
300406,医药生物
300407,电力设备
300408,电子
300409,电力设备
300410,电力设备
300411,机械设备
300412,机械设备
300413,传媒
300414,通信
300415,机械设备
300416,社会服务
300417,机械设备
300418,传媒
300419,计算机
300420,机械设备
300421,机械设备
300422,环保
300423,电力设备
300424,国防军工
300425,环保
300426,传媒
300427,电力设备
300428,汽车
300429,电子
300430,机械设备
300432,电力设备
300433,电子
300434,医药生物
300435,公用事业
300436,医药生物
300437,环保
300438,电力设备
300439,医药生物
300440,计算机
300441,机械设备
300442,通信
300443,电力设备
300444,电力设备
300445,机械设备
300446,汽车
300447,国防军工
300448,计算机
300449,计算机
300450,电力设备
300451,计算机
300452,医药生物
300453,医药生物
300454,计算机
300455,计算机
300456,电子
300457,电力设备
300458,电子
300459,传媒
300460,电子
300461,机械设备
300462,计算机
300463,医药生物
300464,商贸零售
300465,计算机
300466,机械设备
300467,传媒
300468,计算机
300469,计算机
300470,机械设备
300471,机械设备
300472,机械设备
300473,汽车
300474,国防军工
300475,电子
300476,电子
300477,电力设备
300478,基础化工
300479,计算机
300480,机械设备
300481,电子
300482,医药生物
300483,公用事业
300484,机械设备
300485,医药生物
300486,机械设备
300487,基础化工
300488,机械设备
300489,电子
300490,电力设备
300491,电力设备
300492,建筑装饰
300493,电子
300494,传媒
300496,计算机
300497,医药生物
300498,农林牧渔
300499,机械设备
300500,建筑装饰
300501,轻工制造
300502,通信
300503,机械设备
300504,通信
300505,基础化工
300506,建筑装饰
300507,汽车
300508,计算机
300509,机械设备
300510,电力设备
300511,农林牧渔
300512,机械设备
300513,通信
300514,电力设备
300515,机械设备
300516,电子
300517,建筑装饰
300518,商贸零售
300519,医药生物
300520,计算机
300521,机械设备
300522,基础化工
300523,计算机
300525,计算机
300527,国防军工
300528,传媒
300529,医药生物
300530,基础化工
300531,计算机
300532,计算机
300533,传媒
300534,医药生物
300535,基础化工
300536,建筑装饰
300537,电子
300538,基础化工
300539,基础化工
300540,机械设备
300541,计算机
300542,计算机
300543,家用电器
300545,电子
300546,计算机
300547,汽车
300548,通信
300549,机械设备
300550,计算机
300551,计算机
300552,计算机
300553,机械设备
300554,机械设备
300555,通信
300556,计算机
300557,机械设备
300558,医药生物
300559,计算机
300560,通信
300561,计算机
300562,医药生物
300563,通信
300564,建筑装饰
300565,通信
300566,电子
300567,机械设备
300568,电力设备
300569,电力设备
300570,通信
300571,通信
300572,社会服务
300573,医药生物
300575,基础化工
300576,电子
300577,纺织服饰
300578,通信
300579,计算机
300580,汽车
300581,国防军工
300582,电子
300583,医药生物
300584,医药生物
300585,汽车
300586,基础化工
300587,基础化工
300588,计算机
300589,国防军工
300590,通信
300591,纺织服饰
300592,商贸零售
300593,电力设备
300594,机械设备
300595,医药生物
300596,基础化工
300597,通信
300598,计算机
300599,建筑材料
300600,国防军工
300601,医药生物
300602,电子
300603,通信
300604,电子
300605,计算机
300606,机械设备
300607,机械设备
300608,计算机
300609,计算机
300610,基础化工
300611,汽车
300612,传媒
300613,电子
300614,环保
300615,通信
300616,轻工制造
300617,电力设备
300618,有色金属
300619,电力设备
300620,通信
300621,建筑装饰
300622,商贸零售
300623,电子
300624,计算机
300625,家用电器
300626,电力设备
300627,通信
300628,通信
300629,国防军工
300631,环保
300632,电子
300633,医药生物
300634,计算机
300635,建筑装饰
300636,医药生物
300637,基础化工
300638,通信
300639,医药生物
300640,轻工制造
300641,基础化工
300642,医药生物
300643,汽车
300644,基础化工
300645,计算机
300647,电子
300648,电力设备
300649,建筑装饰
300650,电子
300651,轻工制造
300652,汽车
300653,医药生物
300654,传媒
300655,电子
300656,电子
300657,电子
300658,美容护理
300659,计算机
300660,电力设备
300661,电子
300662,社会服务
300663,计算机
300664,环保
300665,基础化工
300666,电子
300667,机械设备
300668,建筑装饰
300669,机械设备
300670,电力设备
300671,电子
300672,电子
300673,农林牧渔
300674,计算机
300675,建筑装饰
300676,医药生物
300677,医药生物
300678,计算机
300679,电子
300680,汽车
300681,汽车
300682,计算机
300683,医药生物
300684,电子
300685,医药生物
300686,电子
300687,计算机
300688,社会服务
300689,通信
300690,电力设备
300691,计算机
300692,环保
300693,电力设备
300694,汽车
300695,汽车
300696,国防军工
300697,有色金属
300698,通信
300699,国防军工
300700,机械设备
300701,电子
300702,医药生物
300703,轻工制造
300705,医药生物
300706,电子
300707,汽车
300708,电子
300709,电子
300710,通信
300711,通信
300712,建筑装饰
300713,电力设备
300715,建筑材料
300716,电力设备
300717,基础化工
300718,机械设备
300719,国防军工
300720,机械设备
300721,基础化工
300722,国防军工
300723,医药生物
300724,电力设备
300725,医药生物
300726,国防军工
300727,基础化工
300729,轻工制造
300730,计算机
300731,基础化工
300732,建筑装饰
300733,汽车
300735,电子
300736,电子
300737,建筑材料
300738,通信
300739,电子
300740,美容护理
300741,基础化工
300743,计算机
300745,汽车
300746,建筑装饰
300747,机械设备
300748,有色金属
300749,轻工制造
300750,电力设备
300751,电力设备
300752,电子
300753,医药生物
300755,商贸零售
300756,机械设备
300757,机械设备
300758,基础化工
300759,医药生物
300760,医药生物
300761,农林牧渔
300762,国防军工
300763,电力设备
300765,医药生物
300766,计算机
300767,基础化工
300768,计算机
300769,电力设备
300770,传媒
300771,计算机
300772,电力设备
300773,非银金融
300774,环保
300775,国防军工
300776,电力设备
300777,国防军工
300778,建筑装饰
300779,环保
300780,机械设备
300781,传媒
300782,电子
300783,食品饮料
300784,电子
300785,传媒
300786,环保
300787,电子
300788,传媒
300789,计算机
300790,计算机
300791,食品饮料
300792,商贸零售
300793,电子
300795,社会服务
300796,基础化工
300797,社会服务
300798,基础化工
300800,环保
300801,基础化工
300802,机械设备
300803,计算机
300804,基础化工
300805,传媒
300806,基础化工
300807,计算机
300808,电子
300809,机械设备
300810,国防军工
300811,有色金属
300812,电子
300813,机械设备
300814,电子
300815,环保
300816,汽车
300817,机械设备
300818,机械设备
300819,纺织服饰
300820,电力设备
300821,基础化工
300822,电子
300823,机械设备
300824,家用电器
300825,汽车
300826,建筑装饰
300827,电力设备
300828,机械设备
300829,基础化工
300830,计算机
300831,电子
300832,医药生物
300833,机械设备
300834,基础化工
300835,有色金属
300836,机械设备
300837,机械设备
300838,机械设备
300839,石油石化
300840,纺织服饰
300841,医药生物
300842,电力设备
300843,电子
300844,建筑装饰
300845,计算机
300846,计算机
300847,计算机
300848,基础化工
300849,美容护理
300850,电力设备
300851,机械设备
300852,电子
300853,电力设备
300854,环保
300855,有色金属
300856,美容护理
300857,电子
300858,基础化工
300859,社会服务
300860,社会服务
300861,机械设备
300862,机械设备
300863,汽车
300864,环保
300865,机械设备
300866,电子
300867,环保
300868,电子
300869,医药生物
300870,电力设备
300871,农林牧渔
300872,计算机
300873,交通运输
300875,国防军工
300876,基础化工
300877,纺织服饰
300878,医药生物
300879,机械设备
300880,电力设备
300881,钢铁
300882,电力设备
300883,轻工制造
300884,计算机
300885,机械设备
300886,美容护理
300887,社会服务
300888,美容护理
300889,电子
300890,电力设备
300891,基础化工
300892,食品饮料
300893,汽车
300894,家用电器
300895,计算机
300896,美容护理
300897,机械设备
300898,食品饮料
300899,环保
300900,国防军工
300901,纺织服饰
300902,机械设备
300903,电子
300904,电力设备
300905,基础化工
300906,机械设备
300907,电力设备
300908,食品饮料
300909,电子
300910,基础化工
300911,家用电器
300912,汽车
300913,通信
300915,食品饮料
300916,电子
300917,房地产
300918,纺织服饰
300919,电力设备
300920,基础化工
300921,通信
300922,国防军工
300923,机械设备
300925,计算机
300926,汽车
300927,基础化工
300928,汽车
300929,环保
300930,有色金属
300931,机械设备
300932,电力设备
300933,电力设备
300935,计算机
300936,电子
300937,医药生物
300938,社会服务
300939,电子
300940,电子
300941,计算机
300942,医药生物
300943,机械设备
300945,纺织服饰
300946,机械设备
300947,商贸零售
300948,建筑装饰
300949,建筑装饰
300950,机械设备
300951,电子
300952,纺织服饰
300953,电力设备
300955,美容护理
300956,电子
300957,美容护理
300958,环保
300959,通信
300960,机械设备
300961,环保
300962,社会服务
300963,有色金属
300964,电子
300965,国防军工
300966,医药生物
300967,农林牧渔
300968,电子
300969,汽车
300970,农林牧渔
300971,机械设备
300972,商贸零售
300973,食品饮料
300975,电子
300976,电子
300977,建筑装饰
300978,汽车
300979,纺织服饰
300980,基础化工
300981,医药生物
300982,建筑装饰
300983,建筑装饰
300984,机械设备
300985,机械设备
300986,建筑装饰
300987,传媒
300988,机械设备
300989,建筑装饰
300990,机械设备
300991,电子
300992,机械设备
300993,轻工制造
300994,汽车
300995,基础化工
300996,计算机
300997,食品饮料
300998,汽车
300999,农林牧渔
301000,汽车
301001,商贸零售
301002,电力设备
301003,基础化工
301004,轻工制造
301005,汽车
301006,机械设备
301007,汽车
301008,家用电器
301009,美容护理
301010,建筑材料
301011,轻工制造
301012,电力设备
301013,机械设备
301015,医药生物
301016,机械设备
301017,医药生物
301018,机械设备
301019,基础化工
301020,汽车
301021,机械设备
301022,汽车
301023,电力设备
301024,建筑装饰
301025,传媒
301026,有色金属
301027,建筑装饰
301028,机械设备
301029,机械设备
301030,环保
301031,电子
301032,机械设备
301033,医药生物
301035,基础化工
301036,基础化工
301037,基础化工
301038,建筑装饰
301039,汽车
301040,电力设备
301041,电子
301042,计算机
301043,机械设备
301045,电子
301046,建筑装饰
301047,医药生物
301048,机械设备
301049,环保
301050,国防军工
301051,电子
301052,传媒
301053,机械设备
301055,轻工制造
301056,机械设备
301057,基础化工
301058,建筑装饰
301059,基础化工
301060,医药生物
301061,轻工制造
301062,轻工制造
301063,机械设备
301065,医药生物
301066,纺织服饰
301067,电子
301068,环保
301069,基础化工
301070,机械设备
301071,基础化工
301072,汽车
301073,社会服务
301075,医药生物
301076,基础化工
301077,基础化工
301078,商贸零售
301079,机械设备
301080,医药生物
301081,环保
301082,电力设备
301083,机械设备
301085,计算机
301086,电子
301087,医药生物
301088,纺织服饰
301089,医药生物
301090,基础化工
301091,建筑装饰
301092,基础化工
301093,医药生物
301095,计算机
301096,医药生物
301097,医药生物
301098,建筑装饰
301099,电子
301100,基础化工
301101,轻工制造
301102,传媒
301103,医药生物
301105,机械设备
301106,电子
301107,机械设备
301108,美容护理
301109,环保
301110,商贸零售
301111,医药生物
301112,机械设备
301113,轻工制造
301115,社会服务
301116,农林牧渔
301117,计算机
301118,基础化工
301119,汽车
301120,电力设备
301121,电力设备
301122,医药生物
301123,电子
301125,机械设备
301126,医药生物
301127,环保
301128,机械设备
301129,机械设备
301130,医药生物
301131,基础化工
301132,电子
301133,汽车
301135,家用电器
301136,建筑装饰
301137,机械设备
301138,机械设备
301139,通信
301141,有色金属
301148,环保
301149,基础化工
301150,电力设备
301151,机械设备
301152,电力设备
301153,计算机
301155,电力设备
301156,基础化工
301157,电力设备
301158,机械设备
301159,计算机
301160,钢铁
301161,机械设备
301162,计算机
301163,电力设备
301165,通信
301166,医药生物
301167,建筑装饰
301168,电力设备
301169,社会服务
301170,汽车
301171,传媒
301172,计算机
301173,汽车
301175,环保
301176,电子
301177,纺织服饰
301178,计算机
301179,电力设备
301180,电子
301181,汽车
301182,计算机
301183,电子
301185,计算机
301186,汽车
301187,家用电器
301188,医药生物
301189,电子
301190,基础化工
301191,通信
301192,汽车
301193,轻工制造
301195,计算机
301196,基础化工
301197,机械设备
301198,轻工制造
301199,机械设备
301200,机械设备
301201,医药生物
301202,通信
301203,环保
301205,通信
301206,基础化工
301207,医药生物
301208,计算机
301209,基础化工
301210,电力设备
301211,医药生物
301212,基础化工
301213,国防军工
301215,汽车
301216,基础化工
301217,电力设备
301218,计算机
301219,有色金属
301220,基础化工
301221,汽车
301222,电力设备
301223,轻工制造
301225,汽车
301226,电力设备
301227,轻工制造
301228,社会服务
301229,汽车
301230,医药生物
301231,传媒
301232,电力设备
301233,汽车
301234,医药生物
301235,医药生物
301236,计算机
301237,基础化工
301238,电力设备
301239,医药生物
301246,医药生物
301248,计算机
301251,电子
301252,家用电器
301255,机械设备
301256,基础化工
301257,医药生物
301258,医药生物
301259,环保
301260,机械设备
301261,机械设备
301262,传媒
301263,医药生物
301265,环保
301266,电力设备
301267,医药生物
301268,机械设备
301269,计算机
301270,计算机
301272,机械设备
301273,机械设备
301275,电子
301276,纺织服饰
301277,医药生物
301278,电力设备
301279,机械设备
301280,家用电器
301281,医药生物
301282,电子
301283,基础化工
301285,电子
301286,基础化工
301287,轻工制造
301288,环保
301289,社会服务
301290,医药生物
301291,电力设备
301292,电力设备
301293,医药生物
301295,电力设备
301296,轻工制造
301297,电子
301298,汽车
301299,传媒
301300,基础化工
301301,医药生物
301302,国防军工
301303,机械设备
301305,环保
301306,国防军工
301307,通信
301308,电子
301309,机械设备
301310,汽车
301311,机械设备
301312,机械设备
301313,传媒
301314,通信
301315,计算机
301316,计算机
301317,机械设备
301318,计算机
301319,电子
301320,机械设备
301321,电子
301322,汽车
301323,有色金属
301325,电力设备
301326,电子
301327,电力设备
301328,电子
301329,电子
301330,计算机
301331,医药生物
301332,家用电器
301333,医药生物
301335,轻工制造
301336,轻工制造
301337,计算机
301338,机械设备
301339,计算机
301345,汽车
301348,电子
301349,电力设备
301353,机械设备
301355,轻工制造
301356,轻工制造
301357,国防军工
301358,电力设备
301359,电子
301360,机械设备
301361,电力设备
301362,家用电器
301363,医药生物
301365,建筑装饰
301366,电子
301367,医药生物
301368,机械设备
301369,电子
301370,医药生物
301371,美容护理
301372,环保
301373,基础化工
301376,轻工制造
301377,机械设备
301378,计算机
301379,电子
301380,通信
301381,商贸零售
301382,通信
301383,电子
301386,电力设备
301387,电子
301388,电力设备
301389,电子
301390,建筑装饰
301391,计算机
301392,机械设备
301393,医药生物
301395,基础化工
301396,计算机
301397,汽车
301398,汽车
301399,机械设备
301408,医药生物
301413,机械设备
301418,机械设备
301419,通信
301421,电子
301428,通信
301429,建筑材料
301439,电力设备
301446,机械设备
301448,机械设备
301449,社会服务
301456,电力设备
301458,电子
301459,基础化工
301468,机械设备
301469,轻工制造
301479,电子
301486,电子
301487,电力设备
301488,汽车
301489,电子
301491,电子
301498,农林牧渔
301499,汽车
301500,环保
301501,轻工制造
301502,电力设备
301503,计算机
301505,建筑装饰
301507,医药生物
301508,社会服务
301509,医药生物
301510,机械设备
301511,电力设备
301512,机械设备
301513,电力设备
301515,医药生物
301516,电力设备
301517,国防军工
301518,基础化工
301519,环保
301520,医药生物
301522,有色金属
301525,机械设备
301526,建筑材料
301528,机械设备
301529,汽车
301531,有色金属
301533,机械设备
301535,汽车
301536,电子
301538,基础化工
301539,汽车
301548,机械设备
301550,汽车
301551,传媒
301552,汽车
301555,基础化工
301556,计算机
301557,电力设备
301558,商贸零售
301559,机械设备
301560,汽车
301563,电子
301565,基础化工
301566,电子
301567,电子
301568,机械设备
301571,国防军工
301575,轻工制造
301577,通信
301578,家用电器
301580,医药生物
301581,汽车
301584,医药生物
301585,基础化工
301586,国防军工
301587,电力设备
301588,轻工制造
301589,计算机
301590,电力设备
301591,基础化工
301592,国防军工
301595,轻工制造
301596,机械设备
301598,机械设备
301599,电力设备
301600,计算机
301601,机械设备
301602,医药生物
301603,机械设备
301606,电子
301607,汽车
301608,计算机
301609,电力设备
301611,电子
301613,汽车
301616,机械设备
301617,基础化工
301618,基础化工
301622,有色金属
301626,电子
301628,电子
301629,电子
301630,电子
301631,汽车
301632,社会服务
301633,机械设备
301636,电力设备
301638,计算机
301656,汽车
301658,电力设备
301662,电力设备
301665,基础化工
301666,电子
301667,汽车
301668,电力设备
301669,电力设备
301678,电子
301680,汽车
301682,国防军工
301683,基础化工
301687,基础化工
301696,电力设备
302132,国防军工
600000,银行
600004,交通运输
600006,汽车
600007,房地产
600008,环保
600009,交通运输
600010,钢铁
600011,公用事业
600012,交通运输
600015,银行
600016,银行
600017,交通运输
600018,交通运输
600019,钢铁
600020,交通运输
600021,公用事业
600022,钢铁
600023,公用事业
600025,公用事业
600026,交通运输
600027,公用事业
600028,石油石化
600029,交通运输
600030,非银金融
600031,机械设备
600032,公用事业
600033,交通运输
600035,交通运输
600036,银行
600037,传媒
600038,国防军工
600039,建筑装饰
600048,房地产
600050,通信
600051,综合
600052,公用事业
600053,非银金融
600054,社会服务
600055,医药生物
600056,医药生物
600057,交通运输
600058,商贸零售
600059,食品饮料
600060,家用电器
600061,非银金融
600062,医药生物
600063,基础化工
600064,房地产
600066,汽车
600067,电力设备
600071,电子
600072,电力设备
600073,食品饮料
600075,基础化工
600076,轻工制造
600078,基础化工
600079,医药生物
600080,医药生物
600081,汽车
600082,房地产
600084,食品饮料
600085,医药生物
600088,传媒
600089,电力设备
600094,房地产
600095,非银金融
600096,基础化工
600097,农林牧渔
600098,公用事业
600099,汽车
600100,计算机
600101,公用事业
600103,轻工制造
600104,汽车
600105,通信
600106,交通运输
600107,纺织服饰
600108,农林牧渔
600109,非银金融
600110,电力设备
600111,有色金属
600113,商贸零售
600114,机械设备
600115,交通运输
600116,公用事业
600117,钢铁
600118,国防军工
600119,交通运输
600120,非银金融
600121,煤炭
600123,煤炭
600125,交通运输
600126,钢铁
600127,农林牧渔
600128,商贸零售
600129,医药生物
600130,电子
600131,计算机
600132,食品饮料
600133,环保
600135,基础化工
600136,房地产
600137,纺织服饰
600138,社会服务
600141,基础化工
600143,基础化工
600148,汽车
600149,公用事业
600150,国防军工
600151,电力设备
600152,电力设备
600153,交通运输
600155,非银金融
600156,纺织服饰
600157,煤炭
600158,社会服务
600159,房地产
600160,基础化工
600161,医药生物
600162,房地产
600163,公用事业
600165,基础化工
600166,汽车
600167,公用事业
600168,环保
600169,机械设备
600170,建筑装饰
600171,电子
600172,机械设备
600173,房地产
600176,建筑材料
600177,纺织服饰
600178,汽车
600179,交通运输
600180,交通运输
600182,汽车
600183,电子
600184,国防军工
600185,商贸零售
600186,食品饮料
600187,环保
600188,煤炭
600189,食品饮料
600191,农林牧渔
600192,电力设备
600193,建筑装饰
600195,农林牧渔
600196,医药生物
600197,食品饮料
600198,通信
600199,食品饮料
600201,农林牧渔
600202,机械设备
600203,电子
600206,电子
600207,电力设备
600208,房地产
600210,轻工制造
600211,医药生物
600212,电力设备
600215,机械设备
600216,医药生物
600217,环保
600218,汽车
600219,有色金属
600221,交通运输
600222,医药生物
600223,美容护理
600226,公用事业
600227,基础化工
600228,传媒
600229,传媒
600230,基础化工
600231,钢铁
600232,机械设备
600233,交通运输
600234,建筑装饰
600235,轻工制造
600236,公用事业
600237,电子
600238,食品饮料
600239,房地产
600241,电力设备
600243,机械设备
600246,房地产
600248,建筑装饰
600249,美容护理
600250,商贸零售
600251,农林牧渔
600252,医药生物
600255,有色金属
600256,石油石化
600257,农林牧渔
600258,社会服务
600259,有色金属
600261,家用电器
600262,机械设备
600265,农林牧渔
600266,房地产
600267,医药生物
600268,电力设备
600269,交通运输
600271,计算机
600272,医药生物
600273,基础化工
600276,医药生物
600278,商贸零售
600279,交通运输
600280,商贸零售
600281,有色金属
600282,钢铁
600283,环保
600284,建筑装饰
600285,医药生物
600287,商贸零售
600288,计算机
600289,通信
600292,环保
600293,建筑材料
600295,钢铁
600298,食品饮料
600299,基础化工
600300,食品饮料
600301,有色金属
600302,机械设备
600303,汽车
600305,食品饮料
600307,钢铁
600308,轻工制造
600309,基础化工
600310,公用事业
600312,电力设备
600313,农林牧渔
600315,美容护理
600316,国防军工
600318,非银金融
600319,基础化工
600320,机械设备
600322,房地产
600323,环保
600325,房地产
600326,建筑材料
600327,商贸零售
600328,基础化工
600329,医药生物
600330,电子
600331,基础化工
600332,医药生物
600333,公用事业
600335,汽车
600336,家用电器
600337,轻工制造
600338,有色金属
600339,石油石化
600340,房地产
600343,机械设备
600345,通信
600346,石油石化
600348,煤炭
600350,交通运输
600351,医药生物
600352,基础化工
600353,电子
600354,农林牧渔
600356,轻工制造
600358,传媒
600359,农林牧渔
600360,电子
600361,有色金属
600362,有色金属
600363,电子
600365,商贸零售
600366,有色金属
600367,基础化工
600368,交通运输
600369,非银金融
600370,基础化工
600371,农林牧渔
600372,国防军工
600373,传媒
600375,汽车
600376,房地产
600377,交通运输
600378,基础化工
600379,电力设备
600380,医药生物
600381,食品饮料
600382,钢铁
600383,房地产
600386,汽车
600388,环保
600389,基础化工
600390,非银金融
600391,国防军工
600392,有色金属
600395,煤炭
600396,公用事业
600397,煤炭
600398,纺织服饰
600399,钢铁
600400,纺织服饰
600403,煤炭
600405,电力设备
600406,电力设备
600408,煤炭
600409,基础化工
600410,计算机
600415,商贸零售
600416,电力设备
600418,汽车
600419,食品饮料
600420,医药生物
600422,医药生物
600423,基础化工
600425,建筑材料
600426,基础化工
600428,交通运输
600429,食品饮料
600433,轻工制造
600435,国防军工
600436,医药生物
600438,电力设备
600439,纺织服饰
600444,机械设备
600446,计算机
600448,纺织服饰
600449,建筑材料
600452,公用事业
600455,计算机
600456,有色金属
600458,机械设备
600459,有色金属
600460,电子
600461,环保
600463,房地产
600467,农林牧渔
600468,电力设备
600469,汽车
600470,基础化工
600475,公用事业
600476,计算机
600477,建筑装饰
600478,电力设备
600479,医药生物
600480,汽车
600481,电力设备
600482,电力设备
600483,公用事业
600486,基础化工
600487,通信
600488,医药生物
600489,有色金属
600490,有色金属
600491,建筑装饰
600493,纺织服饰
600495,机械设备
600496,建筑装饰
600497,有色金属
600498,通信
600499,机械设备
600500,基础化工
600501,机械设备
600502,建筑装饰
600503,房地产
600505,公用事业
600506,石油石化
600507,钢铁
600508,煤炭
600509,公用事业
600510,房地产
600511,医药生物
600512,建筑装饰
600513,医药生物
600515,房地产
600516,钢铁
600517,非银金融
600518,医药生物
600519,食品饮料
600520,机械设备
600521,医药生物
600522,通信
600523,汽车
600525,电力设备
600526,环保
600527,纺织服饰
600528,机械设备
600529,医药生物
600530,食品饮料
600531,有色金属
600533,房地产
600535,医药生物
600536,计算机
600537,电力设备
600538,医药生物
600539,商贸零售
600540,农林牧渔
600543,食品饮料
600545,机械设备
600546,煤炭
600547,有色金属
600548,交通运输
600549,有色金属
600550,电力设备
600551,传媒
600552,电子
600556,传媒
600557,医药生物
600558,机械设备
600559,食品饮料
600560,机械设备
600561,交通运输
600562,国防军工
600563,电子
600566,医药生物
600567,轻工制造
600568,医药生物
600569,钢铁
600570,计算机
600571,计算机
600572,医药生物
600573,食品饮料
600575,煤炭
600576,社会服务
600577,电力设备
600578,公用事业
600579,机械设备
600580,电力设备
600581,钢铁
600582,机械设备
600583,石油石化
600584,电子
600585,建筑材料
600586,建筑材料
600587,医药生物
600588,计算机
600589,计算机
600590,国防军工
600592,机械设备
600593,社会服务
600594,医药生物
600595,有色金属
600596,基础化工
600597,食品饮料
600598,农林牧渔
600600,食品饮料
600601,电子
600602,计算机
600603,交通运输
600604,房地产
600605,商贸零售
600606,房地产
600608,商贸零售
600609,汽车
600610,基础化工
600611,交通运输
600612,纺织服饰
600613,医药生物
600615,有色金属
600616,食品饮料
600617,公用事业
600618,基础化工
600619,家用电器
600620,综合
600621,非银金融
600622,房地产
600623,基础化工
600624,医药生物
600626,汽车
600628,商贸零售
600629,建筑装饰
600630,纺织服饰
600633,传媒
600635,公用事业
600637,传媒
600638,房地产
600639,房地产
600640,传媒
600641,房地产
600642,公用事业
600643,非银金融
600644,公用事业
600645,医药生物
600648,房地产
600649,房地产
600650,交通运输
600651,汽车
600653,汽车
600654,计算机
600655,商贸零售
600657,房地产
600658,房地产
600660,汽车
600661,社会服务
600662,社会服务
600663,房地产
600664,医药生物
600665,房地产
600666,电子
600667,建筑装饰
600668,建筑材料
600671,医药生物
600673,综合
600674,公用事业
600675,房地产
600676,汽车
600678,建筑材料
600679,汽车
600681,公用事业
600682,综合
600683,房地产
600684,房地产
600685,国防军工
600686,汽车
600688,石油石化
600689,综合
600690,家用电器
600691,基础化工
600692,房地产
600693,商贸零售
600694,商贸零售
600697,商贸零售
600698,汽车
600699,汽车
600702,食品饮料
600703,电子
600704,交通运输
600706,社会服务
600707,电子
600708,房地产
600710,商贸零售
600711,有色金属
600712,商贸零售
600713,医药生物
600714,基础化工
600715,传媒
600716,房地产
600717,交通运输
600718,计算机
600719,公用事业
600720,建筑装饰
600721,医药生物
600722,基础化工
600724,房地产
600725,煤炭
600726,公用事业
600727,基础化工
600728,计算机
600729,商贸零售
600730,社会服务
600731,基础化工
600732,电力设备
600733,汽车
600734,通信
600735,纺织服饰
600736,房地产
600737,农林牧渔
600738,商贸零售
600739,医药生物
600740,煤炭
600741,汽车
600742,汽车
600743,房地产
600744,公用事业
600745,电子
600746,基础化工
600748,房地产
600749,社会服务
600750,医药生物
600751,交通运输
600753,交通运输
600754,社会服务
600755,交通运输
600756,计算机
600757,传媒
600758,煤炭
600759,石油石化
600760,国防军工
600761,机械设备
600763,医药生物
600764,国防军工
600765,国防军工
600768,有色金属
600769,环保
600770,综合
600771,医药生物
600773,房地产
600774,医药生物
600775,通信
600776,通信
600777,石油石化
600778,商贸零售
600779,食品饮料
600780,公用事业
600782,钢铁
600783,机械设备
600784,基础化工
600785,商贸零售
600787,交通运输
600789,医药生物
600790,商贸零售
600791,房地产
600792,煤炭
600793,轻工制造
600794,交通运输
600795,公用事业
600796,环保
600797,计算机
600798,交通运输
600800,石油石化
600801,建筑材料
600802,建筑材料
600803,公用事业
600805,综合
600807,医药生物
600808,钢铁
600809,食品饮料
600810,基础化工
600812,医药生物
600814,商贸零售
600815,机械设备
600816,非银金融
600817,环保
600818,汽车
600819,建筑材料
600820,建筑装饰
600821,公用事业
600822,汽车
600824,商贸零售
600825,传媒
600826,社会服务
600827,商贸零售
600828,商贸零售
600829,医药生物
600830,非银金融
600831,传媒
600833,医药生物
600834,交通运输
600835,机械设备
600838,商贸零售
600839,家用电器
600841,汽车
600843,机械设备
600844,基础化工
600845,计算机
600846,建筑装饰
600847,电力设备
600848,房地产
600850,计算机
600851,医药生物
600853,建筑装饰
600854,房地产
600855,国防军工
600857,商贸零售
600858,商贸零售
600859,商贸零售
600860,机械设备
600861,社会服务
600862,国防军工
600863,公用事业
600864,非银金融
600865,商贸零售
600866,基础化工
600867,医药生物
600868,公用事业
600869,电力设备
600871,石油石化
600872,食品饮料
600873,基础化工
600874,环保
600875,电力设备
600876,建筑材料
600877,电子
600879,国防军工
600880,社会服务
600881,综合
600882,食品饮料
600883,农林牧渔
600884,电力设备
600885,电力设备
600886,公用事业
600887,食品饮料
600888,有色金属
600889,基础化工
600892,传媒
600893,国防军工
600894,机械设备
600895,房地产
600897,交通运输
600900,公用事业
600901,非银金融
600903,公用事业
600905,公用事业
600906,非银金融
600908,银行
600909,非银金融
600916,纺织服饰
600917,公用事业
600918,非银金融
600919,银行
600925,煤炭
600926,银行
600927,非银金融
600928,银行
600929,基础化工
600930,公用事业
600933,汽车
600935,基础化工
600936,传媒
600938,石油石化
600939,建筑装饰
600941,通信
600955,基础化工
600956,公用事业
600958,非银金融
600959,传媒
600960,汽车
600961,有色金属
600962,农林牧渔
600963,轻工制造
600965,农林牧渔
600966,轻工制造
600967,国防军工
600968,石油石化
600969,公用事业
600970,建筑装饰
600971,煤炭
600973,电力设备
600975,农林牧渔
600976,医药生物
600977,传媒
600979,公用事业
600980,机械设备
600981,商贸零售
600982,公用事业
600983,家用电器
600984,机械设备
600985,煤炭
600986,传媒
600987,纺织服饰
600988,有色金属
600989,基础化工
600990,国防军工
600992,机械设备
600993,医药生物
600995,公用事业
600996,传媒
600997,煤炭
600998,医药生物
600999,非银金融
601000,交通运输
601001,煤炭
601002,机械设备
601003,钢铁
601005,钢铁
601006,交通运输
601007,社会服务
601008,交通运输
601009,银行
601010,商贸零售
601011,煤炭
601012,电力设备
601015,煤炭
601016,公用事业
601018,交通运输
601019,传媒
601020,有色金属
601021,交通运输
601022,交通运输
601026,基础化工
601033,环保
601038,机械设备
601058,汽车
601059,非银金融
601061,商贸零售
601065,基础化工
601066,非银金融
601068,建筑装饰
601069,有色金属
601077,银行
601083,交通运输
601086,商贸零售
601088,煤炭
601089,医药生物
601096,建筑装饰
601098,传媒
601099,非银金融
601100,机械设备
601101,煤炭
601106,机械设备
601107,交通运输
601108,非银金融
601111,交通运输
601112,建筑材料
601113,基础化工
601116,商贸零售
601117,建筑装饰
601118,农林牧渔
601121,钢铁
601126,电力设备
601127,汽车
601128,银行
601133,建筑装饰
601136,非银金融
601137,有色金属
601138,电子
601139,公用事业
601155,房地产
601156,交通运输
601158,环保
601162,非银金融
601163,汽车
601166,银行
601168,有色金属
601169,银行
601177,机械设备
601179,电力设备
601186,建筑装饰
601187,银行
601188,交通运输
601198,非银金融
601199,环保
601200,环保
601208,基础化工
601211,非银金融
601212,有色金属
601216,基础化工
601218,电力设备
601222,公用事业
601225,煤炭
601226,建筑装饰
601228,交通运输
601229,银行
601231,电子
601233,石油石化
601236,非银金融
601238,汽车
601279,汽车
601288,银行
601298,交通运输
601311,电力设备
601318,非银金融
601319,非银金融
601326,交通运输
601328,银行
601330,环保
601333,交通运输
601336,非银金融
601339,纺织服饰
601360,计算机
601366,商贸零售
601368,环保
601369,机械设备
601375,非银金融
601377,非银金融
601388,有色金属
601390,建筑装饰
601398,银行
601399,机械设备
601456,非银金融
601500,汽车
601512,房地产
601515,轻工制造
601518,交通运输
601519,计算机
601528,银行
601555,非银金融
601566,纺织服饰
601567,电力设备
601568,基础化工
601577,银行
601579,食品饮料
601588,房地产
601595,传媒
601598,交通运输
601599,纺织服饰
601600,有色金属
601601,非银金融
601606,国防军工
601607,医药生物
601608,机械设备
601609,有色金属
601611,建筑装饰
601615,电力设备
601616,电力设备
601618,建筑装饰
601619,公用事业
601628,非银金融
601633,汽车
601636,建筑材料
601658,银行
601665,银行
601666,煤炭
601668,建筑装饰
601669,建筑装饰
601677,有色金属
601678,基础化工
601686,钢铁
601688,非银金融
601689,汽车
601696,非银金融
601698,国防军工
601699,煤炭
601700,电力设备
601702,有色金属
601717,机械设备
601718,纺织服饰
601727,电力设备
601728,通信
601766,机械设备
601777,汽车
601778,公用事业
601788,非银金融
601789,建筑装饰
601798,机械设备
601799,汽车
601800,建筑装饰
601801,传媒
601808,石油石化
601811,传媒
601816,交通运输
601818,银行
601825,银行
601827,环保
601828,商贸零售
601838,银行
601857,石油石化
601858,传媒
601860,银行
601865,电力设备
601866,交通运输
601868,建筑装饰
601869,通信
601872,交通运输
601877,电力设备
601878,非银金融
601880,交通运输
601881,非银金融
601882,机械设备
601886,建筑装饰
601888,商贸零售
601890,国防军工
601898,煤炭
601899,有色金属
601900,传媒
601901,非银金融
601908,公用事业
601916,银行
601918,煤炭
601919,交通运输
601921,传媒
601928,传媒
601929,传媒
601933,商贸零售
601939,银行
601949,传媒
601952,农林牧渔
601956,家用电器
601958,有色金属
601963,银行
601965,汽车
601966,汽车
601968,轻工制造
601969,钢铁
601975,交通运输
601985,公用事业
601988,银行
601990,非银金融
601991,公用事业
601992,建筑材料
601995,非银金融
601996,轻工制造
601997,银行
601998,银行
601999,传媒
603000,传媒
603001,纺织服饰
603002,电子
603004,基础化工
603005,电子
603006,汽车
603007,建筑装饰
603008,轻工制造
603009,汽车
603010,基础化工
603011,机械设备
603012,机械设备
603013,汽车
603014,医药生物
603015,机械设备
603016,电力设备
603017,建筑装饰
603018,建筑装饰
603019,计算机
603020,基础化工
603021,轻工制造
603022,轻工制造
603023,汽车
603025,机械设备
603026,电力设备
603027,食品饮料
603028,机械设备
603029,机械设备
603030,建筑装饰
603031,电力设备
603032,电力设备
603033,基础化工
603035,汽车
603036,机械设备
603037,汽车
603038,建筑材料
603039,计算机
603040,汽车
603041,基础化工
603042,通信
603043,食品饮料
603045,有色金属
603048,汽车
603049,汽车
603050,电力设备
603051,基础化工
603052,电子
603053,公用事业
603055,纺织服饰
603057,食品饮料
603058,轻工制造
603059,美容护理
603060,社会服务
603061,电子
603062,基础化工
603063,电力设备
603065,基础化工
603066,交通运输
603067,基础化工
603068,电子
603069,交通运输
603070,电力设备
603071,煤炭
603072,有色金属
603073,基础化工
603075,家用电器
603076,机械设备
603077,基础化工
603078,电子
603079,基础化工
603080,公用事业
603081,机械设备
603082,机械设备
603083,通信
603085,汽车
603086,基础化工
603087,医药生物
603088,机械设备
603089,汽车
603090,机械设备
603091,轻工制造
603092,电力设备
603093,非银金融
603095,机械设备
603096,传媒
603097,电力设备
603098,建筑装饰
603099,社会服务
603100,机械设备
603101,商贸零售
603102,食品饮料
603103,传媒
603105,公用事业
603106,计算机
603107,汽车
603108,医药生物
603109,汽车
603110,基础化工
603111,机械设备
603112,家用电器
603113,基础化工
603115,有色金属
603116,纺织服饰
603117,交通运输
603118,通信
603119,汽车
603120,基础化工
603121,汽车
603122,医药生物
603123,商贸零售
603124,有色金属
603125,基础化工
603126,环保
603127,医药生物
603128,交通运输
603129,汽车
603130,纺织服饰
603131,机械设备
603132,有色金属
603135,机械设备
603136,社会服务
603137,建筑装饰
603138,计算机
603139,医药生物
603150,基础化工
603151,农林牧渔
603153,建筑装饰
603155,基础化工
603156,食品饮料
603158,汽车
603159,机械设备
603160,电子
603161,汽车
603162,交通运输
603163,建筑装饰
603165,轻工制造
603166,汽车
603167,交通运输
603168,医药生物
603169,机械设备
603170,食品饮料
603171,计算机
603172,基础化工
603173,机械设备
603175,电子
603176,建筑装饰
603177,环保
603178,汽车
603179,汽车
603180,轻工制造
603181,基础化工
603182,农林牧渔
603183,社会服务
603185,电力设备
603186,电子
603187,机械设备
603188,基础化工
603189,计算机
603190,汽车
603191,电力设备
603192,基础化工
603193,美容护理
603194,机械设备
603195,轻工制造
603196,纺织服饰
603197,汽车
603198,食品饮料
603199,社会服务
603200,环保
603201,汽车
603202,汽车
603203,机械设备
603205,医药生物
603206,通信
603207,医药生物
603208,轻工制造
603209,交通运输
603210,汽车
603211,汽车
603212,电力设备
603213,基础化工
603214,商贸零售
603215,家用电器
603216,轻工制造
603217,基础化工
603218,电力设备
603219,家用电器
603220,通信
603221,轻工制造
603222,医药生物
603223,石油石化
603225,基础化工
603226,轻工制造
603227,基础化工
603228,电子
603229,医药生物
603230,传媒
603231,农林牧渔
603232,计算机
603233,医药生物
603235,基础化工
603236,通信
603237,食品饮料
603238,纺织服饰
603239,汽车
603248,电力设备
603255,基础化工
603256,建筑材料
603257,建筑装饰
603258,传媒
603259,医药生物
603260,基础化工
603261,国防军工
603262,食品饮料
603266,汽车
603267,国防军工
603268,国防军工
603269,机械设备
603270,机械设备
603271,有色金属
603272,轻工制造
603273,机械设备
603275,机械设备
603276,基础化工
603277,机械设备
603278,机械设备
603279,机械设备
603280,机械设备
603281,基础化工
603282,环保
603283,机械设备
603284,轻工制造
603285,基础化工
603286,汽车
603288,食品饮料
603289,机械设备
603290,电子
603291,环保
603293,汽车
603296,电子
603297,电子
603298,机械设备
603299,基础化工
603300,非银金融
603301,医药生物
603303,家用电器
603305,汽车
603306,汽车
603307,纺织服饰
603308,机械设备
603309,医药生物
603310,基础化工
603311,家用电器
603312,电力设备
603313,轻工制造
603315,环保
603316,建筑装饰
603317,食品饮料
603318,公用事业
603319,汽车
603320,电力设备
603321,机械设备
603322,通信
603323,银行
603324,环保
603325,机械设备
603326,轻工制造
603327,电子
603328,电子
603329,交通运输
603330,基础化工
603331,机械设备
603332,基础化工
603333,电力设备
603334,基础化工
603335,汽车
603336,农林牧渔
603337,机械设备
603338,机械设备
603339,机械设备
603341,电子
603344,电力设备
603345,食品饮料
603348,汽车
603350,电力设备
603351,医药生物
603352,汽车
603353,石油石化
603355,家用电器
603356,机械设备
603357,建筑装饰
603358,汽车
603359,建筑装饰
603360,基础化工
603361,机械设备
603363,农林牧渔
603365,纺织服饰
603366,家用电器
603367,医药生物
603368,医药生物
603369,食品饮料
603370,电力设备
603373,社会服务
603375,电子
603376,汽车
603377,社会服务
603378,建筑材料
603379,基础化工
603380,电子
603381,电力设备
603382,基础化工
603383,计算机
603385,轻工制造
603386,电子
603387,医药生物
603389,轻工制造
603390,汽车
603391,机械设备
603392,医药生物
603393,公用事业
603395,基础化工
603396,电力设备
603398,电力设备
603399,有色金属
603400,机械设备
603402,社会服务
603406,基础化工
603407,有色金属
603408,轻工制造
603409,汽车
603416,机械设备
603418,汽车
603421,通信
603429,轻工制造
603435,基础化工
603439,医药生物
603444,传媒
603456,医药生物
603458,建筑装饰
603459,电子
603466,传媒
603477,农林牧渔
603486,家用电器
603488,机械设备
603489,电力设备
603496,计算机
603499,轻工制造
603500,机械设备
603501,电子
603505,基础化工
603506,房地产
603507,电力设备
603508,计算机
603511,纺织服饰
603515,家用电器
603516,计算机
603517,食品饮料
603518,纺织服饰
603519,家用电器
603520,医药生物
603527,有色金属
603528,计算机
603529,汽车
603530,电力设备
603533,传媒
603535,交通运输
603536,食品饮料
603538,医药生物
603551,家用电器
603556,电力设备
603557,纺织服饰
603558,纺织服饰
603559,通信
603565,交通运输
603566,农林牧渔
603567,医药生物
603568,环保
603569,交通运输
603577,电力设备
603578,家用电器
603579,家用电器
603580,基础化工
603583,机械设备
603585,基础化工
603586,汽车
603587,纺织服饰
603588,环保
603589,食品饮料
603590,医药生物
603595,电子
603596,汽车
603598,传媒
603599,基础化工
603600,轻工制造
603601,建筑材料
603602,传媒
603605,美容护理
603606,电力设备
603607,轻工制造
603608,纺织服饰
603609,农林牧渔
603610,轻工制造
603611,机械设备
603612,基础化工
603613,商贸零售
603615,轻工制造
603616,建筑材料
603617,机械设备
603618,电力设备
603619,石油石化
603626,电子
603628,电力设备
603629,电子
603630,美容护理
603633,电子
603636,计算机
603637,建筑装饰
603638,机械设备
603639,基础化工
603648,交通运输
603650,基础化工
603655,汽车
603656,机械设备
603657,家用电器
603658,医药生物
603659,电力设备
603660,计算机
603661,轻工制造
603662,机械设备
603663,基础化工
603665,纺织服饰
603666,机械设备
603667,机械设备
603668,农林牧渔
603669,医药生物
603676,医药生物
603677,家用电器
603678,国防军工
603679,电子
603680,机械设备
603681,基础化工
603682,商贸零售
603683,基础化工
603685,电子
603686,环保
603687,轻工制造
603688,基础化工
603689,公用事业
603690,电子
603693,公用事业
603696,食品饮料
603697,食品饮料
603698,机械设备
603699,机械设备
603700,机械设备
603701,汽车
603703,电子
603706,公用事业
603707,医药生物
603708,商贸零售
603709,轻工制造
603711,食品饮料
603712,国防军工
603713,交通运输
603716,医药生物
603717,农林牧渔
603718,医药生物
603719,食品饮料
603721,传媒
603722,基础化工
603725,轻工制造
603726,家用电器
603727,石油石化
603728,电力设备
603729,传媒
603730,汽车
603733,轻工制造
603737,建筑材料
603738,电子
603739,基础化工
603755,食品饮料
603757,机械设备
603758,汽车
603759,环保
603766,汽车
603767,汽车
603768,汽车
603773,电子
603776,汽车
603777,食品饮料
603778,建筑装饰
603779,食品饮料
603786,汽车
603787,汽车
603788,汽车
603789,机械设备
603790,基础化工
603797,环保
603798,石油石化
603799,有色金属
603800,机械设备
603801,轻工制造
603803,通信
603806,电力设备
603808,纺织服饰
603809,汽车
603810,基础化工
603811,医药生物
603813,交通运输
603815,建筑装饰
603816,轻工制造
603817,环保
603818,轻工制造
603819,电力设备
603822,基础化工
603823,基础化工
603825,传媒
603826,基础化工
603828,建筑装饰
603829,电力设备
603833,轻工制造
603836,交通运输
603838,轻工制造
603839,纺织服饰
603843,建筑装饰
603848,轻工制造
603855,机械设备
603856,建筑材料
603858,医药生物
603859,计算机
603860,建筑装饰
603861,电力设备
603863,轻工制造
603866,食品饮料
603867,基础化工
603868,家用电器
603869,计算机
603871,交通运输
603876,有色金属
603877,纺织服饰
603878,钢铁
603879,基础化工
603880,医药生物
603881,通信
603882,医药生物
603883,医药生物
603885,交通运输
603886,食品饮料
603887,计算机
603888,传媒
603889,纺织服饰
603890,电子
603893,电子
603895,机械设备
603896,医药生物
603897,电力设备
603898,轻工制造
603899,轻工制造
603900,纺织服饰
603901,机械设备
603903,环保
603906,电力设备
603908,纺织服饰
603909,建筑装饰
603912,机械设备
603915,机械设备
603916,基础化工
603917,汽车
603918,计算机
603919,食品饮料
603920,电子
603922,汽车
603926,汽车
603927,计算机
603928,基础化工
603929,建筑装饰
603931,电子
603933,电子
603936,电子
603937,有色金属
603938,基础化工
603939,医药生物
603948,基础化工
603949,汽车
603950,汽车
603955,建筑装饰
603956,机械设备
603958,纺织服饰
603959,建筑装饰
603960,机械设备
603966,机械设备
603967,交通运输
603968,基础化工
603969,机械设备
603970,基础化工
603976,医药生物
603977,基础化工
603978,有色金属
603979,有色金属
603980,基础化工
603982,汽车
603983,美容护理
603985,电力设备
603986,电子
603987,医药生物
603988,电力设备
603989,电子
603990,计算机
603991,电子
603992,轻工制造
603993,有色金属
603995,钢铁
603997,汽车
603998,医药生物
603999,传媒
605001,机械设备
605003,纺织服饰
605005,汽车
605006,建筑材料
605007,轻工制造
605008,基础化工
605009,美容护理
605011,公用事业
605016,基础化工
605018,汽车
605020,基础化工
605028,公用事业
605033,基础化工
605050,交通运输
605055,纺织服饰
605056,机械设备
605058,电子
605060,机械设备
605066,电力设备
605068,汽车
605069,环保
605077,基础化工
605080,轻工制造
605081,环保
605086,基础化工
605088,汽车
605089,食品饮料
605090,公用事业
605098,社会服务
605099,轻工制造
605100,机械设备
605108,社会服务
605111,电子
605116,医药生物
605117,电力设备
605118,计算机
605122,建筑材料
605123,国防军工
605128,汽车
605133,汽车
605136,商贸零售
605138,纺织服饰
605151,汽车
605155,轻工制造
605158,有色金属
605162,公用事业
605166,基础化工
605167,建筑装饰
605168,传媒
605169,公用事业
605177,医药生物
605178,建筑装饰
605179,食品饮料
605180,纺织服饰
605183,基础化工
605186,机械设备
605188,商贸零售
605189,纺织服饰
605196,电力设备
605198,农林牧渔
605199,医药生物
605208,有色金属
605218,电子
605222,电力设备
605228,汽车
605255,汽车
605258,电子
605259,机械设备
605266,医药生物
605268,轻工制造
605277,电子
605286,机械设备
605287,建筑装饰
605288,机械设备
605289,建筑装饰
605296,农林牧渔
605298,机械设备
605299,轻工制造
605300,食品饮料
605303,建筑装饰
605305,机械设备
605318,建筑材料
605319,汽车
605333,汽车
605336,家用电器
605337,食品饮料
605338,食品饮料
605339,食品饮料
605358,电子
605365,家用电器
605366,基础化工
605368,公用事业
605369,医药生物
605376,有色金属
605377,轻工制造
605378,电力设备
605388,食品饮料
605389,机械设备
605398,计算机
605399,基础化工
605488,基础化工
605499,食品饮料
605500,轻工制造
605507,医药生物
605555,家用电器
605566,基础化工
605567,食品饮料
605577,传媒
605580,公用事业
605588,电子
605589,基础化工
605598,建筑装饰
605599,纺织服饰
688001,机械设备
688002,国防军工
688003,机械设备
688004,计算机
688005,电力设备
688006,电力设备
688007,电子
688008,电子
688009,机械设备
688010,电子
688011,国防军工
688012,电子
688013,医药生物
688015,机械设备
688016,医药生物
688017,机械设备
688018,电子
688019,电子
688020,电子
688021,汽车
688022,机械设备
688023,计算机
688025,机械设备
688026,医药生物
688027,通信
688028,机械设备
688029,医药生物
688030,计算机
688031,计算机
688032,电力设备
688033,机械设备
688035,电子
688036,电子
688037,电子
688038,计算机
688039,计算机
688041,电子
688045,电子
688046,医药生物
688047,电子
688048,电子
688049,电子
688050,医药生物
688051,计算机
688052,电子
688053,国防军工
688055,电子
688056,机械设备
688057,环保
688058,计算机
688059,机械设备
688060,计算机
688061,电子
688062,医药生物
688063,电力设备
688065,基础化工
688066,计算机
688067,医药生物
688068,医药生物
688069,环保
688070,国防军工
688071,机械设备
688072,电子
688073,医药生物
688075,医药生物
688076,医药生物
688077,有色金属
688078,计算机
688079,电子
688080,通信
688081,国防军工
688082,电子
688083,计算机
688084,国防军工
688085,医药生物
688087,基础化工
688088,计算机
688089,基础化工
688090,机械设备
688091,医药生物
688092,机械设备
688093,电子
688095,计算机
688096,环保
688097,机械设备
688098,农林牧渔
688099,电子
688100,通信
688101,环保
688102,有色金属
688103,电子
688105,医药生物
688106,电子
688107,电子
688108,医药生物
688109,计算机
688110,电子
688111,计算机
688112,机械设备
688113,机械设备
688114,医药生物
688115,机械设备
688116,电力设备
688117,医药生物
688118,计算机
688119,建筑材料
688120,电子
688121,机械设备
688122,国防军工
688123,电子
688125,机械设备
688126,电子
688127,电子
688128,机械设备
688129,基础化工
688130,电子
688131,医药生物
688132,国防军工
688133,基础化工
688135,电子
688136,医药生物
688137,医药生物
688138,电子
688139,医药生物
688141,电子
688143,通信
688146,电子
688147,电力设备
688148,电力设备
688150,电子
688151,医药生物
688152,计算机
688153,电子
688155,电力设备
688156,农林牧渔
688157,基础化工
688158,计算机
688159,通信
688160,机械设备
688161,医药生物
688162,机械设备
688163,医药生物
688165,机械设备
688166,医药生物
688167,电子
688168,计算机
688169,家用电器
688170,机械设备
688171,计算机
688172,电子
688173,电子
688175,国防军工
688176,医药生物
688177,医药生物
688178,环保
688179,基础化工
688180,医药生物
688181,电子
688182,通信
688183,电子
688184,电力设备
688185,医药生物
688186,电力设备
688187,机械设备
688188,计算机
688189,医药生物
688190,有色金属
688191,电力设备
688192,医药生物
688193,医药生物
688195,电子
688196,基础化工
688197,医药生物
688198,医药生物
688199,基础化工
688200,电子
688201,计算机
688202,医药生物
688203,基础化工
688205,通信
688206,计算机
688207,计算机
688208,计算机
688209,电子
688210,电子
688211,机械设备
688212,医药生物
688213,电子
688215,机械设备
688216,电子
688217,医药生物
688218,机械设备
688219,基础化工
688220,电子
688221,医药生物
688222,医药生物
688223,电力设备
688225,计算机
688226,电力设备
688227,计算机
688228,计算机
688229,计算机
688230,电子
688231,有色金属
688232,计算机
688233,电子
688234,电子
688235,医药生物
688236,医药生物
688237,国防军工
688238,医药生物
688239,国防军工
688244,计算机
688246,计算机
688247,医药生物
688248,电力设备
688249,电子
688251,计算机
688252,电子
688253,医药生物
688255,机械设备
688256,电子
688257,机械设备
688258,计算机
688259,电子
688260,电子
688261,电子
688262,电子
688265,医药生物
688266,医药生物
688267,基础化工
688268,电子
688269,基础化工
688270,电子
688271,医药生物
688272,国防军工
688273,医药生物
688275,电力设备
688276,医药生物
688277,医药生物
688278,医药生物
688279,电子
688280,汽车
688281,国防军工
688282,国防军工
688283,通信
688285,机械设备
688286,电子
688288,计算机
688289,医药生物
688290,机械设备
688291,计算机
688292,计算机
688293,医药生物
688295,基础化工
688296,计算机
688297,国防军工
688298,医药生物
688299,电子
688300,基础化工
688301,医药生物
688302,医药生物
688303,电力设备
688305,机械设备
688306,机械设备
688307,计算机
688308,机械设备
688309,环保
688310,机械设备
688311,国防军工
688312,机械设备
688313,通信
688314,医药生物
688315,医药生物
688316,计算机
688317,医药生物
688318,计算机
688319,医药生物
688320,机械设备
688321,医药生物
688322,电子
688323,基础化工
688325,电子
688326,计算机
688327,计算机
688328,机械设备
688329,机械设备
688330,电力设备
688331,医药生物
688332,电子
688333,机械设备
688334,社会服务
688335,环保
688336,医药生物
688337,机械设备
688338,医药生物
688339,电力设备
688343,计算机
688345,电力设备
688347,电子
688348,电力设备
688349,电力设备
688350,基础化工
688351,医药生物
688352,电子
688353,电力设备
688355,机械设备
688356,医药生物
688357,基础化工
688358,医药生物
688359,电子
688360,机械设备
688361,电子
688362,电子
688363,美容护理
688365,计算机
688366,医药生物
688367,机械设备
688368,电子
688369,计算机
688370,环保
688371,电子
688372,电子
688373,医药生物
688375,国防军工
688376,环保
688377,机械设备
688378,电子
688379,机械设备
688380,电子
688381,电子
688382,医药生物
688383,机械设备
688385,电子
688386,基础化工
688387,通信
688388,电力设备
688389,医药生物
688390,电力设备
688391,电子
688392,电力设备
688393,医药生物
688395,机械设备
688396,电子
688398,基础化工
688399,医药生物
688400,机械设备
688401,电子
688403,电子
688408,电力设备
688409,电子
688410,医药生物
688411,电力设备
688416,电子
688418,通信
688419,电子
688420,机械设备
688425,机械设备
688426,医药生物
688428,医药生物
688429,电力设备
688432,电子
688433,机械设备
688435,计算机
688439,国防军工
688443,医药生物
688448,机械设备
688449,电子
688450,机械设备
688455,机械设备
688456,有色金属
688458,电子
688459,机械设备
688466,环保
688468,医药生物
688469,电子
688472,电力设备
688475,计算机
688478,电子
688479,计算机
688480,环保
688484,电子
688485,机械设备
688486,电子
688488,医药生物
688489,计算机
688496,电子
688498,电子
688499,电力设备
688500,计算机
688501,环保
688502,电子
688503,电力设备
688505,医药生物
688506,医药生物
688507,计算机
688508,电子
688509,计算机
688510,国防军工
688511,国防军工
688512,电子
688513,医药生物
688515,电子
688516,电力设备
688517,电力设备
688518,机械设备
688519,电子
688520,医药生物
688521,电子
688522,国防军工
688523,国防军工
688525,电子
688526,农林牧渔
688528,机械设备
688529,机械设备
688530,电子
688531,机械设备
688533,汽车
688535,电子
688536,电子
688538,电子
688539,电子
688543,国防军工
688545,电子
688548,电子
688549,电子
688550,电子
688551,电力设备
688552,国防军工
688553,医药生物
688556,电力设备
688557,机械设备
688558,机械设备
688559,机械设备
688560,电力设备
688561,计算机
688562,计算机
688563,国防军工
688565,环保
688566,医药生物
688567,电力设备
688568,计算机
688569,机械设备
688570,机械设备
688571,基础化工
688573,电力设备
688575,医药生物
688576,医药生物
688577,机械设备
688578,医药生物
688579,计算机
688580,医药生物
688581,医药生物
688582,电子
688583,机械设备
688584,电子
688585,基础化工
688586,国防军工
688588,计算机
688589,电子
688590,计算机
688591,电子
688592,通信
688593,电子
688595,电子
688596,机械设备
688597,电力设备
688598,电力设备
688599,电力设备
688600,机械设备
688601,电子
688602,基础化工
688603,电子
688605,电子
688606,医药生物
688607,医药生物
688608,电子
688609,家用电器
688610,机械设备
688611,电力设备
688612,汽车
688613,医药生物
688615,计算机
688616,电力设备
688617,医药生物
688618,通信
688619,计算机
688620,电子
688621,医药生物
688622,机械设备
688623,机械设备
688625,基础化工
688626,医药生物
688627,机械设备
688628,机械设备
688629,国防军工
688630,机械设备
688631,计算机
688633,机械设备
688635,通信
688636,国防军工
688638,电力设备
688639,基础化工
688646,机械设备
688648,机械设备
688651,计算机
688652,电子
688653,电子
688655,电子
688656,医药生物
688657,计算机
688658,医药生物
688659,基础化工
688660,电力设备
688661,电子
688662,电子
688663,电力设备
688665,机械设备
688667,汽车
688668,通信
688669,基础化工
688670,医药生物
688671,环保
688676,电力设备
688677,医药生物
688678,电子
688679,环保
688680,电力设备
688681,电力设备
688682,国防军工
688683,电子
688685,国防军工
688686,机械设备
688687,医药生物
688689,电子
688690,医药生物
688691,电子
688692,计算机
688693,电子
688695,计算机
688696,家用电器
688697,机械设备
688698,机械设备
688699,电子
688700,机械设备
688701,环保
688702,电子
688707,电力设备
688708,国防军工
688709,电子
688710,医药生物
688711,电子
688712,医药生物
688716,基础化工
688717,电力设备
688718,基础化工
688719,电力设备
688720,电子
688721,电子
688722,基础化工
688726,电力设备
688727,电子
688728,电子
688729,电子
688733,电力设备
688737,汽车
688739,医药生物
688750,有色金属
688755,医药生物
688757,社会服务
688758,医药生物
688759,医药生物
688765,医药生物
688766,电子
688767,医药生物
688768,机械设备
688772,电力设备
688775,电子
688776,国防军工
688777,机械设备
688778,电力设备
688779,电力设备
688781,电子
688783,电子
688785,电子
688786,有色金属
688787,计算机
688788,国防军工
688789,机械设备
688790,电子
688793,家用电器
688795,电子
688796,医药生物
688798,电子
688799,医药生物
688800,电子
688802,电子
688805,医药生物
688807,电子
688808,机械设备
688809,电子
688811,有色金属
688813,机械设备
688816,机械设备
688818,国防军工
688819,电力设备
688820,电子
688981,电子
689009,汽车
920000,汽车
920001,电子
920002,机械设备
920003,建筑装饰
920005,电子
920006,国防军工
920007,电力设备
920008,国防军工
920009,医药生物
920010,公用事业
920011,电力设备
920012,电子
920014,公用事业
920015,基础化工
920016,基础化工
920017,医药生物
920018,电力设备
920019,建筑装饰
920020,汽车
920021,传媒
920022,汽车
920023,农林牧渔
920026,机械设备
920027,机械设备
920028,基础化工
920029,电力设备
920030,汽车
920033,基础化工
920035,机械设备
920036,计算机
920037,电力设备
920039,社会服务
920045,通信
920046,电力设备
920047,医药生物
920050,医药生物
920055,汽车
920056,基础化工
920057,建筑装饰
920058,汽车
920060,电子
920061,机械设备
920062,电力设备
920066,基础化工
920068,有色金属
920069,医药生物
920075,轻工制造
920076,建筑材料
920077,基础化工
920078,有色金属
920080,机械设备
920082,机械设备
920086,汽车
920087,农林牧渔
920088,石油石化
920089,基础化工
920090,计算机
920091,机械设备
920092,计算机
920096,机械设备
920098,基础化工
920099,基础化工
920100,电力设备
920101,机械设备
920106,汽车
920108,家用电器
920110,电力设备
920111,电力设备
920112,机械设备
920116,计算机
920118,电力设备
920119,电力设备
920121,轻工制造
920122,社会服务
920123,美容护理
920124,家用电器
920125,机械设备
920128,电子
920130,计算机
920132,轻工制造
920139,电子
920145,环保
920146,汽车
920149,建筑装饰
920152,电力设备
920156,机械设备
920158,机械设备
920159,基础化工
920160,社会服务
920161,电子
920163,轻工制造
920166,医药生物
920167,电力设备
920168,汽车
920169,机械设备
920171,计算机
920174,机械设备
920175,基础化工
920177,机械设备
920178,机械设备
920179,电子
920180,医药生物
920181,电子
920183,电子
920184,计算机
920185,电力设备
920186,电子
920187,汽车
920188,基础化工
920190,计算机
920191,建筑材料
920195,汽车
920198,计算机
920199,家用电器
920200,电力设备
920204,轻工制造
920206,基础化工
920207,计算机
920208,建筑装饰
920211,机械设备
920212,电子
920218,轻工制造
920220,汽车
920221,汽车
920223,机械设备
920225,基础化工
920227,计算机
920230,医药生物
920237,电力设备
920239,电力设备
920242,汽车
920245,机械设备
920247,汽车
920249,通信
920252,电力设备
920260,机械设备
920261,基础化工
920262,纺织服饰
920263,环保
920266,医药生物
920267,电子
920270,汽车
920271,汽车
920273,农林牧渔
920274,轻工制造
920275,农林牧渔
920278,医药生物
920284,机械设备
920299,电力设备
920300,医药生物
920304,基础化工
920305,计算机
920339,家用电器
920344,医药生物
920346,电子
920351,交通运输
920357,电子
920363,机械设备
920367,医药生物
920368,电力设备
920370,环保
920371,农林牧渔
920374,通信
920375,电力设备
920378,汽车
920392,轻工制造
920394,轻工制造
920395,机械设备
920396,机械设备
920402,基础化工
920403,农林牧渔
920405,机械设备
920407,机械设备
920414,电力设备
920415,计算机
920418,汽车
920419,农林牧渔
920422,基础化工
920425,机械设备
920427,建筑装饰
920429,食品饮料
920433,医药生物
920436,汽车
920438,电子
920445,轻工制造
920454,汽车
920455,机械设备
920469,基础化工
920471,基础化工
920475,机械设备
920476,机械设备
920478,医药生物
920489,基础化工
920491,电子
920493,计算机
920496,电力设备
920504,医药生物
920505,机械设备
920508,电力设备
920509,机械设备
920510,机械设备
920519,基础化工
920522,电力设备
920523,电力设备
920526,电子
920527,纺织服饰
920533,汽车
920541,机械设备
920547,医药生物
920553,机械设备
920556,电力设备
920564,计算机
920566,医药生物
920570,机械设备
920571,交通运输
920575,医药生物
920576,有色金属
920578,机械设备
920579,机械设备
920580,建筑材料
920592,计算机
920593,机械设备
920599,机械设备
920608,机械设备
920627,电力设备
920634,有色金属
920639,电力设备
920640,通信
920641,家用电器
920642,国防军工
920651,机械设备
920656,医药生物
920662,机械设备
920663,汽车
920665,基础化工
920670,医药生物
920675,基础化工
920679,机械设备
920682,电力设备
920685,机械设备
920689,机械设备
920690,汽车
920693,机械设备
920694,基础化工
920699,家用电器
920701,电子
920703,机械设备
920706,机械设备
920717,机械设备
920718,家用电器
920719,基础化工
920720,机械设备
920725,机械设备
920726,食品饮料
920729,农林牧渔
920735,医药生物
920748,计算机
920751,有色金属
920753,社会服务
920765,轻工制造
920768,家用电器
920770,电力设备
920779,电力设备
920781,机械设备
920786,食品饮料
920790,计算机
920792,建筑材料
920799,计算机
920802,环保
920806,计算机
920807,机械设备
920808,计算机
920809,电力设备
920810,机械设备
920819,基础化工
920821,电子
920826,食品饮料
920832,基础化工
920833,机械设备
920834,基础化工
920837,汽车
920839,机械设备
920855,机械设备
920856,机械设备
920857,电子
920866,基础化工
920870,机械设备
920871,汽车
920873,建筑装饰
920876,电子
920879,机械设备
920885,机械设备
920892,建筑装饰
920895,机械设备
920896,汽车
920906,汽车
920914,电力设备
920924,通信
920925,医药生物
920926,家用电器
920931,机械设备
920932,计算机
920942,机械设备
920943,机械设备
920946,医药生物
920950,机械设备
920953,计算机
920957,基础化工
920961,机械设备
920964,农林牧渔
920970,农林牧渔
920971,基础化工
920974,基础化工
920976,计算机
920978,汽车
920981,电子
920982,美容护理
920985,电力设备
920992,医药生物
